Gene name,Log2(Fold Expression) (ATXN2-BAC-Q72 vs. WT),Fold Expression (ATXN2-BAC-Q72 vs. WT)
Grm4,-1.016761303,0.49422459
Dnah11,-1.757025719,0.295857481
Igfbp5,-1.316598296,0.401480467
Fstl5,0.935924947,1.913116788
Svep1,-1.423154116,0.37289617
Snrk,-0.8051368,0.57230781
Lrp1b,0.849553347,1.801942964
Gng13,-0.584958851,0.666668353
Plk5,-1.401484728,0.378539373
Necab1,1.081834793,2.116726384
Atxn2,0.990790963,1.987274223
Serpinb1a,-1.518375278,0.349078818
Stap2,-2.231780767,0.212895776
D8Ertd82e,-1.028943539,0.490068887
Kcnip4,-0.72174269,0.606364547
Il20rb,-1.720641017,0.303413879
Rorc,-1.781140924,0.290953212
Mdfi,-1.55077672,0.341326251
Drosha,-0.801936328,0.573578826
Gm15083,-2.204468966,0.216964518
Dusp5,-1.031533718,0.489189818
Nab2,-1.241858482,0.422827618
Btg1,-0.564077199,0.676387921
Pitpnm3,-0.800100029,0.574309357
Brinp3,0.752524316,1.684738078
AF529169,0.812677681,1.756468473
Irf7,1.692457795,3.232068546
Ppp1r1b,-0.531609833,0.691782377
Uchl1,0.548150241,1.462209714
Megf11,-0.683323205,0.622729183
Peak1,-0.672039092,0.627618989
Acy3,1.551546574,2.931312084
Pcp4,-0.487889141,0.71306765
Adrbk2,-0.504884779,0.704716657
Csmd3,0.680819511,1.603050096
Slc25a29,-0.912590444,0.531230379
Syt12,-0.509246707,0.702589194
Car2,-0.683193266,0.622785273
Rgs8,-0.615760446,0.652585824
Crhr1,-0.857887208,0.551760006
Synpr,0.804366827,1.746379169
Ccdc63,-1.539963126,0.343894244
Lrrtm2,0.513189554,1.427202012
Rit2,0.452822596,1.368715496
Nab1,-0.516764224,0.698937702
Map2,0.27994445,1.214148133
Rtel1,-0.712966681,0.610064345
Plcb3,-0.733622134,0.601392119
Daam2,-0.859923244,0.550981871
Tspan18,-1.532553434,0.345665031
Cabp2,-1.737318873,0.299926547
Epha5,0.949782014,1.931580781
Arhgef33,-0.503516138,0.705385518
Ddx58,1.143650413,2.209393534
Sema3a,0.633098483,1.550892278
Slc6a6,-0.50966996,0.702383101
Psd,-0.61853379,0.65133254
Wscd2,-0.490386546,0.711834348
Car9,-1.871191978,0.273347488
Neb,-0.853356004,0.553495693
Eomes,-1.237712383,0.424044512
Camkk2,-0.538066626,0.688693218
Ifi27l2a,1.757573485,3.381289366
Slitrk2,0.599310696,1.514992547
Igsf5,-0.45092389,0.731574204
Fam107b,-0.765752733,0.58814642
Ifi27l2b,1.748922348,3.361074097
Qdpr,-0.615278363,0.652803925
NA,-0.786596894,0.579709931
Tmem56,-0.42420572,0.745248917
Aspa,-0.929616868,0.524997745
Phyhip,-0.387810171,0.764288819
Atl2,-0.471218288,0.72135519
Abcc8,-0.728771985,0.603417321
Epha7,0.523445308,1.437383777
Cep76,-0.529723108,0.692687667
Chn2,-0.434173107,0.740117838
Unc13d,-1.51173985,0.350688044
Dgkz,-0.344075918,0.787812428
Ywhah,-0.383584023,0.766530965
Homer3,-0.428375751,0.743097927
Rasal1,-1.437748432,0.369142965
Syt7,-0.456194848,0.728906238
Pde3a,0.900083959,1.866174584
Dym,-0.449469656,0.732312001
Cep72,-0.699431479,0.615814832
Myh14,-0.61442709,0.653189231
NA,-1.462699175,0.362813697
Nalcn,0.299645007,1.230841512
Mybpc3,-1.237223268,0.4241883
Ckb,-0.473737955,0.720096443
Odf2,-0.491292894,0.711387291
Gprc5c,-0.597434998,0.660927991
Rtn1,0.329317153,1.256418554
Polr2a,0.670664012,1.591805441
A830018L16Rik,0.88425976,1.845817299
Hpcal1,-0.603702903,0.658062765
Rab37,-0.819292784,0.566719683
Col18a1,-0.665667474,0.630396979
Itga7,-0.733336926,0.60151102
Necab3,-0.933925867,0.523432037
Gsg1l,-0.877930582,0.544147403
Slc16a11,-1.050055742,0.482949504
Neurod2,-0.487808377,0.71310757
Nrep,-0.589208841,0.664707326
Peg3,0.389363348,1.309815264
Pdlim2,-0.701779783,0.614813273
Sbk1,-0.550763309,0.682658848
Neurod1,-0.41310513,0.751005235
Fgf11,-0.644469917,0.6397278
Gm996,-0.581138015,0.668436299
Lgi4,-0.381795734,0.767481705
Cp,0.559119642,1.473369866
Stat1,0.617097795,1.533786626
Gprin3,0.815499246,1.759907064
Rftn1,0.758909702,1.692211275
Mmp17,-0.671123862,0.62801727
Col27a1,-1.20688045,0.433204324
Ptprt,-0.52497226,0.694972473
Cerk,-0.317775875,0.802305796
Clstn2,-0.644155383,0.639867287
Mesdc1,-0.582163036,0.66796155
Klk6,-1.015128732,0.494784177
Ppp1r3c,-0.402534664,0.756527975
Tmem132a,-0.446423203,0.733860015
Arhgap26,-0.390271366,0.762986076
Jup,-0.429118961,0.742715215
Paqr7,-0.871825874,0.54645482
Chd7,-0.288936079,0.818505446
Mapk12,-0.752098799,0.593739171
Paxbp1,-0.448604017,0.732751531
Mcam,-0.909846246,0.532241811
Kcnd2,-0.289230287,0.818338546
Apod,0.460760504,1.376267114
Psd2,-0.404934824,0.755270413
Irf9,0.863129675,1.818979994
Kcnb2,1.047785521,2.067354105
Plekhd1,-0.49923715,0.707480775
Sema7a,-0.457456589,0.728269036
Gabbr2,-0.371693075,0.772874957
Opcml,-0.411644906,0.75176575
Mfge8,-0.424986303,0.744845803
Cbln3,-0.427214324,0.743696391
Paqr6,-0.78910768,0.578701914
Snca,0.594715118,1.51017435
Zfp644,-0.311545461,0.805778121
Amica1,-0.934761107,0.523129087
Rph3a,-0.355451703,0.781624881
Gng12,0.491534859,1.405939836
Aldoc,-0.467746615,0.723093135
Clu,-0.326778501,0.79731488
Glra2,0.867656291,1.824696207
Gabbr1,-0.326657087,0.797381983
Rims4,-0.388517231,0.763914335
Akr1a1,0.234546557,1.17653689
Mus81,-0.551198959,0.682452737
Id2,-0.38541463,0.765558945
Usp18,1.371262193,2.586967972
Rif1,-0.439525306,0.73737719
Fam21,-0.394440472,0.760784378
Syndig1l,0.966973484,1.954735605
Sdk1,1.056582451,2.079998447
Oasl2,1.276486397,2.422482757
Rnf213,0.930415273,1.905824499
Ak4,-0.357139528,0.780710984
Calb1,-0.355360627,0.781674225
Erc1,-0.374805629,0.771209309
NA,-0.638199627,0.642514257
Zic1,-0.3337816,0.79345395
Cgnl1,-0.61085254,0.654809637
Cd83,0.574176311,1.488827193
Marcks,0.546156228,1.460190124
Med12l,-0.310210496,0.806524075
Tiam1,-0.350831687,0.78413193
Srgap3,-0.337115258,0.79162262
Carhsp1,0.513207555,1.427219819
Cdk5rap1,1.09863925,2.141526084
Aff2,0.52905041,1.442979106
Dpysl3,0.54333663,1.457339121
Gbp3,0.872317314,1.830600924
Stx1b,-0.40694949,0.754216443
2810459M11Rik,-0.710908711,0.610935208
Cbln1,-0.350486159,0.784319753
Ncald,0.477948189,1.392761462
Ubash3b,-0.452815205,0.730615768
Nlgn1,0.368081719,1.290635594
Slc20a1,-0.371022016,0.773234538
NA,-0.349737287,0.784726983
Hspb8,-0.581944168,0.668062893
Nsg1,-0.369838178,0.773869294
Maf,-0.505937755,0.704202496
Cnksr2,-0.417795211,0.748567744
Tulp4,-0.331259906,0.794842045
Pcp2,-0.336121321,0.792168192
Trabd2b,-0.882675171,0.542360806
Pcdh11x,0.769862175,1.705106882
Dusp1,-0.75444597,0.592773981
Rnf123,-0.382321328,0.767202152
Pagr1a,-0.408168375,0.7535795
Zfp488,1.061147571,2.08659061
Aifm3,-0.49775067,0.708210103
Robo1,0.513091087,1.427104606
Tyro3,-0.503668487,0.705311033
Cntnap2,0.320311219,1.248599868
Elf2,-0.37801981,0.769493044
Tgfb3,0.506272793,1.420375906
Agt,-0.528997242,0.693036267
Erbb4,0.487691402,1.402199283
NA,-0.385697663,0.76540877
Tll1,-0.408544153,0.753383242
Map3k5,0.397440672,1.317169191
Prmt8,-0.380465925,0.76818946
Cic,-0.43584913,0.73925852
Strn3,-0.235384852,0.849458368
Camk4,-0.318698466,0.801792893
Eps8l2,-0.484478533,0.714755374
Pms1,-0.416561157,0.749208329
Dscam,0.444453567,1.360798605
Mtcl1,-0.462940186,0.725506183
Hrh3,-0.849078178,0.555139333
Baiap2,-0.344752133,0.787443254
Pls1,-0.625368536,0.64825416
Gprasp2,0.342235744,1.267719657
Ampd2,-0.422038734,0.746369153
Gprin1,-0.341028005,0.789478562
Lurap1,-0.284696788,0.820914123
Prrt2,-0.458685011,0.727649195
Cox6b2,-1.022582769,0.492234346
NA,0.983450353,1.977188408
Rbfox1,-0.347288102,0.786060303
Hsph1,0.453459024,1.369319422
Syt16,0.817711651,1.762607992
Fam135b,-0.378317028,0.769334532
Slc38a2,-0.279993057,0.823594981
Il33,-0.870020688,0.547139005
Anln,0.411335915,1.329916728
Cnnm4,-0.508475602,0.702964821
Sult4a1,0.261555463,1.19877048
Trak2,0.306982756,1.237117691
Srcin1,-0.417618245,0.748659572
Cxxc5,-0.32661137,0.797407251
Ankrd34a,-0.477119386,0.718410636
Angpt1,0.438917518,1.355586822
Creg1,-0.510188162,0.702130857
Camkk1,-0.41777131,0.748580146
Kcnk13,-0.895488024,0.537565321
Kcnc3,-0.457638383,0.728177272
Slc44a5,0.850099027,1.802624654
Zfp385c,-0.601107597,0.659247638
Crebrf,-0.313492656,0.804691302
Ppp1r17,-0.314213902,0.804289114
Gamt,-0.772205472,0.585521693
Syngr3,0.301540971,1.232460125
Fbrsl1,-0.576608181,0.670538381
Kcnc1,-0.398607939,0.758589896
Tuba8,-0.413149029,0.750982384
Bdnf,-0.682488024,0.623089787
Tbc1d16,0.347219646,1.272106666
Hhatl,-0.490057498,0.711996721
Airn,-0.755309522,0.592419272
Stk17b,-0.352026224,0.783482945
Eif2ak2,0.729382575,1.657929401
Zranb1,-0.27748695,0.825026892
Gm13944,-0.910148263,0.532130402
Prkcd,-0.518249214,0.698218644
Abca8a,0.750898004,1.682839986
Rtn4rl1,-0.389037281,0.763639015
Eml5,-0.363378495,0.777342071
Tubb2a,0.318020344,1.246618773
Sfrp4,1.062125921,2.088006092
Fnbp1,-0.478746086,0.717601054
Syne2,-0.363689899,0.777174301
Diras2,-0.280256629,0.823444529
Cdon,-0.488063812,0.712981322
Cnr1,-0.336398721,0.79201589
Cadps2,0.243846253,1.184145411
Tmem62,-0.30921635,0.807080034
Aqp6,-1.039200664,0.486597002
Cldn14,1.092611432,2.132597102
Tmem109,-0.33760035,0.791356489
Lhx1os,-0.434438437,0.739981733
Icmt,-0.411095887,0.75205189
Ajap1,-0.527775586,0.693623371
Fam149a,0.434072793,1.351042251
Asph,-0.220047578,0.858537123
Kcnj9,-0.475787461,0.719074193
Ier2,-0.667082131,0.629779136
Exph5,-0.327223152,0.797069179
1500009C09Rik,-0.379845053,0.768520126
Tor4a,-0.829277992,0.562810835
Psat1,0.543488979,1.457493025
Kcng4,-0.470308155,0.721810405
Nfe2l3,0.783962786,1.721853961
St5,-0.486780912,0.713615615
Ece1,-0.305334479,0.809254575
Ppm1e,0.366003305,1.288777583
Isoc1,0.439504355,1.35613834
Spag1,-0.432820082,0.74081228
Hsd3b7,-0.471749157,0.721089802
Clip1,-0.237071484,0.84846586
Pitpnm1,-0.340260744,0.789898537
Tbata,-0.684931338,0.62203543
Vim,-0.368388355,0.774647378
Gria1,-0.353060365,0.782921537
Smg6,-0.338247508,0.791001586
Rhobtb2,-0.312309444,0.805351533
Smoc1,0.69367063,1.617393401
Gprc5b,-0.246840462,0.842740017
Boc,-0.319192559,0.801518342
Rev1,-0.350931287,0.784077798
Shank2,-0.396304965,0.7598018
Itpka,-0.38532725,0.765605315
Cacybp,0.35554415,1.279468075
Dhrs11,-0.790675581,0.57807333
Car8,-0.384881884,0.765841697
Gjc3,-0.45451054,0.729757714
Reep2,-0.311912954,0.805572894
Trhde,0.373800665,1.29576192
Syne4,-1.074111462,0.474963495
6330403A02Rik,-0.660460711,0.632676226
Nkain1,-0.31680432,0.802846276
Sdc2,0.350531936,1.275030657
Neurl1a,-0.362360388,0.777890834
Trim59,-0.664382517,0.630958701
Tspan2,-0.43402186,0.740195433
Slc25a23,-0.328993976,0.796091423
Mpp3,-0.251360387,0.840103867
Kat2b,-0.275253475,0.826305127
NA,0.289934039,1.222584379
Zic3,0.525767028,1.439698812
Tle2,-0.837582767,0.55958036
Ypel2,-0.417575359,0.748681827
Trpc3,-0.384408921,0.766092806
Car7,-0.403492302,0.75602597
Ifi44,1.035815954,2.050272904
Inpp5a,-0.350007176,0.784580195
Mndal,1.18121624,2.267678694
Ccnd1,0.518415749,1.432381459
Zfp467,-0.618659973,0.651275575
March1,0.677745998,1.599638598
Tra2a,0.419403493,1.33737448
Rtp4,0.964807093,1.951802523
Ank1,-0.230790168,0.852168029
Slitrk5,0.406828463,1.325768117
Hr,-0.402856559,0.756359197
Tspan11,-0.513581514,0.700481321
Dsel,0.474644661,1.389575922
Bmi1,0.266421616,1.202820712
Sh3gl2,-0.353225499,0.782831927
Ntng1,-0.521006823,0.696885324
Sltm,-0.305536062,0.809141508
Clip3,-0.292862773,0.816280686
Th,-1.082301617,0.472274774
Anapc5,0.217745051,1.162914516
Adam11,-0.374282002,0.77148927
Igsf21,-0.441945851,0.73614106
Sytl2,-0.472988814,0.720470461
Lgals3bp,0.833137691,1.781555825
Spns2,-0.349864602,0.784657735
Irf2bpl,-0.530607224,0.692263302
Sorcs3,-0.467636198,0.72314848
Sept5,-0.246914923,0.842696522
Ntng2,-0.72540319,0.60482799
Inpp5j,-0.462663621,0.725645276
Zmynd8,-0.358776927,0.779825412
Ppp4r4,-0.372385651,0.772504022
Plin4,1.029732466,2.041645612
Tfrc,-0.372861087,0.772249487
Cldn11,-0.501506865,0.706368608
Jph4,-0.445930064,0.734110904
Arhgap5,-0.33568719,0.792406604
Zic2,-0.410354704,0.752438355
Lrrc49,-0.418311775,0.748299764
Slc25a19,0.546342671,1.460378841
Cacnb3,-0.423016846,0.745863304
Ppapdc2,-0.356595308,0.781005543
Arsg,-0.608044446,0.656085415
Serpine2,0.315963358,1.244842618
Calb2,0.505328357,1.419446385
Smarcd3,-0.345872819,0.786831805
Fxyd6,0.487697214,1.402204932
Pnmal2,-0.409632713,0.752815004
Elovl2,0.381377012,1.302584542
Prss35,-0.932483375,0.523955657
Bmp5,0.729620516,1.658202864
6030419C18Rik,-0.282122254,0.822380377
Chgb,-0.382151544,0.767292446
Ttll5,-0.243962243,0.844422987
Hmgn3,0.328881174,1.256038925
Clasp2,0.191325054,1.14181194
Npr1,-0.825918853,0.564122798
Cep112,0.975968003,1.966960523
Ggact,-0.318812817,0.801729343
Gm5083,-0.641700447,0.640957033
Mertk,0.420549035,1.338436816
Scn3b,0.694358647,1.618164915
Plp1,-0.665421784,0.630504344
Dlg4,-0.239514008,0.847030598
Camk2b,-0.222836584,0.856879009
Lrrc4c,0.308541626,1.238455152
Pcdh17,0.416216552,1.334423455
Hspa2,0.457150906,1.372828022
Ifi27,0.97314316,1.96311292
Tubb4a,-0.203576595,0.868395049
Nxph3,-0.641054332,0.641244152
B2m,0.348147959,1.272925476
Usp28,-0.436671108,0.738837446
Lhx1,-0.457978964,0.72800539
Irgm1,0.765525937,1.69998962
Mprip,-0.230722874,0.852207779
Ell2,0.412629366,1.331109602
Cdo1,0.481415421,1.396112714
Tlcd1,-0.376665801,0.770215573
Lgals9,0.74376601,1.67454136
Tmtc1,-0.428666294,0.74294829
Galnt16,-0.304317236,0.809825381
Pkp3,-0.587254941,0.665608175
Cercam,-0.700782716,0.615238326
Cpsf4l,0.801392317,1.74278224
Asrgl1,-0.19908753,0.87110134
Mxd4,0.27294755,1.208273915
Stk35,-0.302588999,0.81079607
Trpc6,0.726472795,1.654588884
Nfya,0.45951879,1.375083084
Tmem240,-0.552015066,0.682066795
Rgs16,-0.722528398,0.606034404
Galnt15,-0.655168474,0.635001333
Bmf,-0.732698143,0.601777411
Zfp711,0.4095622,1.328282673
Mllt1,0.276924253,1.211609044
Pcyox1l,-0.487189949,0.713413317
Mrgprf,-0.610839605,0.654815508
Slc45a3,0.746095181,1.67724702
Tcf20,-0.253699243,0.838743018
Ahsa1,0.311121404,1.240671697
Hnrnpa2b1,-0.308455616,0.80750572
Lhpp,-0.555719137,0.680317857
Atp5b,0.202723965,1.150869271
Arrdc2,0.749605894,1.681333472
Nde1,0.409458578,1.328187271
Grk5,-0.563973844,0.676436379
Gnmt,-0.824016452,0.564867166
Gdf11,-0.469368279,0.722280798
Dbi,-0.268352598,0.83026708
B3galt5,0.418904424,1.336911924
Plekho1,-0.389900506,0.763182235
Twsg1,-0.285149366,0.82065664
Foxn3,-0.258877546,0.835737892
Casp12,-0.677737653,0.62514482
Col5a1,-0.716782153,0.608453049
Hlf,-0.29813689,0.813302024
Eml3,-0.594666898,0.662197331
Lrrc75b,-0.638002038,0.642602261
Rgs7bp,-0.241092384,0.846104414
Sptbn4,-0.329574198,0.795771316
Nlrp10,-0.880519927,0.543171645
Ap3m2,-0.240912318,0.846210025
Camk1d,-0.459093899,0.727442994
Ugt8a,-0.500410318,0.706905701
Eno2,-0.31116423,0.805991076
Traf3,0.317708284,1.246349154
Gfra1,0.611599207,1.527951984
Mff,0.183521762,1.135652746
Sowahb,-0.347798407,0.785782309
Far2,-0.353368819,0.782754163
Slc29a1,-0.446841091,0.733647477
Scx,-0.619948268,0.65069426
Smg1,-0.290280044,0.81774331
Sulf2,0.512372255,1.426393719
Ankrd13a,0.262090206,1.199214894
Pmp22,-0.338489264,0.790869047
Osbpl5,0.466038018,1.381310849
Ntm,-0.346046537,0.786737067
Nlgn2,-0.36260882,0.777756892
Nell1,-0.380139768,0.768363148
Bcar1,-0.290673524,0.817520309
Sox4,0.514863849,1.428859288
Fam134b,0.265827,1.202325064
Cntn5,0.730146229,1.658807217
Ldb1,-0.260696709,0.834684734
Ptpru,-0.567682922,0.674699538
Idh3a,0.258448303,1.196191443
St3gal5,-0.319403112,0.801401374
Dnase2a,-0.686634123,0.621301687
Gnaq,-0.285519063,0.820446369
Mpdz,0.321384162,1.249528807
Garnl3,-0.354516387,0.782131781
Fabp5,-0.455186218,0.729416016
Cdk19,-0.243971497,0.84441757
Mphosph9,-0.28939864,0.818243056
Fa2h,-0.553148985,0.681530919
Tenm2,0.545965075,1.459996667
Trim66,0.580412149,1.495276358
Grid2ip,-0.477792323,0.718075616
Ss18,0.304995,1.235414356
Zfp652,-0.216356188,0.860736654
Pde8a,-0.64199537,0.640826018
Atp1b3,-0.2246456,0.85580523
Slc8a1,-0.320678771,0.800693073
Dao,-0.349589288,0.784807488
Hist1h2be,0.589555919,1.504783484
Phf21a,-0.288343102,0.818841938
Ldlrap1,-0.524181783,0.695353364
Grb10,0.328795016,1.255963916
En2,-0.298505515,0.813094243
Grb7,-0.565726042,0.675615325
Plxnd1,-0.566540658,0.675233947
Fam131a,-0.372865379,0.77224719
Cecr2,-0.47207734,0.720925787
Nr4a2,-0.643942595,0.639961671
2410124H12Rik,-0.809460521,0.570595186
Pcdh10,0.412317425,1.330821819
Unc13c,0.269468158,1.205363395
Ackr1,-0.537132859,0.68913911
Pla2g3,0.896507323,1.861553815
Kcnip1,-0.368110985,0.774796325
Kit,-0.370362371,0.773588165
Igfbp6,-0.615640461,0.6526401
Map3k12,-0.193340629,0.874578247
Rnf152,-0.477551758,0.718195362
Nap1l3,0.269447625,1.20534624
Plekhh3,-0.424825817,0.744928665
Parp8,0.400757849,1.320201232
Sirt2,0.233478889,1.175666515
Ipo5,-0.298995942,0.812817888
Ackr4,-0.882133901,0.542564326
Anxa5,0.270508707,1.206233081
Xaf1,0.793770194,1.733598961
Sipa1l1,-0.326494247,0.79747199
Prrt1,-0.469027787,0.722451284
Cnih2,-0.388681501,0.763827358
Nol4,0.270544797,1.206263256
Sept3,-0.257463306,0.836557548
Acsl5,0.401729047,1.321090268
Fzd7,-0.398621351,0.758582844
Ifitm3,0.666391611,1.587098436
Ets2,-0.261336684,0.834314553
Nt5dc3,-0.298459738,0.813120043
Dpp6,-0.23578018,0.849225631
Mef2c,0.315314442,1.244282821
Panx1,0.710711122,1.636610623
Itgb5,-0.323790789,0.79896777
Kif13b,-0.329915613,0.795583018
Grpel2,-0.335164011,0.792694015
Trpc5,-0.577681661,0.670039633
Usp11,0.260323346,1.197747121
Cct3,0.204724252,1.152466051
Alcam,0.307737648,1.237765185
Gria4,-0.215720356,0.861116086
Cdk17,-0.271749079,0.828314713
Ski,-0.255550772,0.837667281
Dnm1,-0.202928394,0.868785305
Rell1,-0.57800734,0.669888393
Pnrc1,-0.272922933,0.827641026
Rab15,0.204475403,1.15226728
Gaa,0.265365124,1.201940203
Haghl,-0.311108023,0.806022478
Itgav,0.509992242,1.424042538
Slc32a1,-0.3248671,0.798371929
Appl2,-0.293523818,0.81590675
Slc25a38,0.347493827,1.272348451
Epor,-0.825761199,0.564184447
Trim25,0.846984982,1.798737901
Crot,0.277569681,1.212151212
Marveld2,-0.510902345,0.701783365
Gbp7,0.581029296,1.495916135
Zfp365,0.298485994,1.229853093
Plekhg4,-0.812523901,0.569384884
Fads1,-0.347475529,0.785958189
2610002J02Rik,-0.354642689,0.782063312
Gad1,-0.258201212,0.836129777
Btbd3,-0.254703462,0.838159396
Aldh18a1,0.43377167,1.350760288
Cpeb1,-0.491250157,0.711408365
Fgfr2,-0.320735276,0.800661713
Mal2,0.528188646,1.442117429
Bai1,-0.330652714,0.795176643
Cacnb2,-0.287723064,0.819193933
L3mbtl3,0.405202001,1.324274318
Fam131b,-0.230665296,0.852241791
Gnb2l1,0.196212336,1.145686508
Ptprr,-0.245145172,0.843730891
Mroh1,-0.283595204,0.821541179
Zfp229,0.354806602,1.278814141
Triobp,-0.471547425,0.721190639
Neu4,0.570373714,1.48490817
Gng2,0.238607988,1.179853707
Vrk1,-0.419887125,0.747483104
Thsd7a,0.425825506,1.343340939
Srl,-0.540718794,0.687428326
Efhd1,-0.36756596,0.775089084
Gnas,0.135969639,1.098831093
Cbx4,0.34669891,1.271647587
Chst2,0.327961355,1.255238368
Pcdh9,0.257009774,1.194999301
Tfap2b,-0.377551079,0.769743093
Rhof,0.452709854,1.368608539
Ppp1r16b,-0.37173906,0.772850322
Gmppa,-0.412896901,0.751113638
Tro,0.208030894,1.15511052
Pan3,-0.308893502,0.807260663
Inadl,-0.37249437,0.77244581
Zcchc12,0.610503495,1.52679196
Zdhhc14,-0.30547139,0.80917778
Slc16a1,-0.33421275,0.793216861
Hip1,0.305417031,1.235775804
Fkbp5,0.638336539,1.556533405
Rdx,0.205969229,1.153461003
Adamts10,-0.565286934,0.675820991
Ccndbp1,-0.214616448,0.861775239
Dact1,-0.477236301,0.718352419
Alad,-0.517638266,0.698514386
NA,-0.490734488,0.711662692
Atp10d,0.93106705,1.906685702
Bub3,0.213540763,1.159530495
Spata2l,-0.472077072,0.720925921
Mical2,-0.250931561,0.840353616
Chst8,-0.463100731,0.725425452
Nova1,0.281586379,1.21553074
Iltifb,-0.38030389,0.768275744
Vimp,-0.25908941,0.83561517
Lrrc3b,-0.349636644,0.784781727
Bckdhb,0.33610335,1.262342459
Flrt1,-0.394040436,0.760995361
Adamts18,0.438096642,1.35481573
Rraga,0.256710678,1.194751582
Pwwp2a,-0.256784767,0.836951097
Cd82,0.466005564,1.381279775
Hif3a,0.727941573,1.656274244
Kcna6,-0.320747137,0.80065513
Ndn,0.328236282,1.255477594
Ccsap,-0.352227509,0.783373641
Tacc2,-0.238142908,0.847835977
Bbx,0.288501889,1.221371333
Cul7,-0.371174544,0.773152792
Cdkn2aipnl,0.261171997,1.198451891
Pik3r3,-0.218236193,0.859615741
Rasl11a,0.667308331,1.588107233
Dap,-0.399916708,0.757902038
Sept11,-0.260891646,0.834571959
Speg,-0.291270494,0.817182099
Coro2b,-0.323367298,0.799202334
Pex5l,-0.363518894,0.777266426
NA,0.354494035,1.278537109
Xk,-0.390202552,0.76302247
Cemip,0.466206998,1.381472647
Galnt7,-0.250797898,0.840431477
Irf2bp2,-0.262246549,0.833788541
Pltp,-0.307708502,0.807924003
Vipr1,-0.84843564,0.555386633
Spock1,-0.247806475,0.842175917
Spsb2,-0.702230394,0.614621273
Lurap1l,0.581509411,1.496414044
Cebpd,0.844941199,1.796191535
Parp14,0.685142815,1.607861139
Prokr2,0.923298597,1.896446401
Itpr2,0.398841083,1.318448376
Camk2a,-0.387344509,0.764535549
Klc2,-0.206273898,0.866772989
Prpf38b,-0.280015171,0.823582357
Cd81,-0.18455787,0.879918695
Utrn,0.210982159,1.157475903
Olfm1,-0.239598468,0.846981012
Kcnk2,0.527119577,1.441049184
Naaa,-0.320183456,0.800968018
Gp1bb,-0.276945502,0.825336585
Gnai1,-0.241970077,0.845589826
Fut8,-0.185318321,0.879455009
AI118078,-0.265149325,0.832112603
Tmem200b,-0.61083436,0.654817889
Cct6a,0.189244971,1.140166857
Car4,-0.365337551,0.776287224
Plekhf1,-0.401625961,0.757004635
Spag5,-0.351867318,0.783569247
Stac,-0.523507416,0.695678473
Bmp1,-0.519385457,0.697668955
Abcc4,0.467070788,1.38230003
Ntf3,0.486058593,1.400613203
Nrk,-0.279686809,0.823769828
Cct4,0.193958044,1.143897706
Rgs7,-0.249461532,0.841210328
Galnt6,0.419900864,1.337835621
Akap7,-0.318860471,0.801702862
Basp1,0.575428069,1.490119538
Cyb5a,0.225842744,1.169460184
Arhgef26,-0.282104373,0.82239057
Lxn,-0.310026973,0.806626678
Pola1,-0.33024925,0.795399053
Olfm3,-0.304728985,0.809594287
Unc5b,-0.349749655,0.784720256
Mal,-0.572170675,0.672604029
C4b,0.661236465,1.581437418
Tnfaip6,-0.430858731,0.741820102
Gpr158,0.218620375,1.163620304
Chordc1,0.337827355,1.263851846
Baz2b,-0.213739946,0.862298965
Pvalb,-0.280588239,0.823255278
Mthfd2l,0.491101325,1.40551741
Bcat1,0.30528143,1.235659657
Tprkb,-0.267605036,0.830697411
Qk,-0.243130311,0.844910064
Atp1b2,-0.40696606,0.754207781
Csmd1,0.407199323,1.326108963
Spon1,0.294232458,1.226232424
Phf20,-0.286475271,0.819902764
Clec3b,-0.874603391,0.545403782
Mtss1l,-0.373899668,0.771693753
Nr4a1,-0.542989016,0.686347441
Parp9,0.595743358,1.511251067
Astn1,0.287585795,1.220596023
Cntnap4,-0.291128814,0.817262354
Dagla,-0.448369771,0.732870515
Dnajb1,0.433505565,1.350511163
Angptl4,0.773053229,1.708882531
Txnip,0.578873813,1.493682805
Sparcl1,-0.218048379,0.859727656
Dnah12,0.851252079,1.80406595
Hps3,-0.289401501,0.818241434
Spred2,-0.245202631,0.843697288
Med21,0.333817869,1.260344272
Doc2b,-0.450615793,0.731730453
Gpr85,0.206589103,1.15395671
Gprasp1,0.220380679,1.165040961
Ahsa2,0.380159676,1.301485895
Cnnm1,-0.246332109,0.84303702
Zfpm2,0.247302145,1.186985363
Jazf1,0.434980482,1.351892543
Zc3hav1,0.515064359,1.429057889
Tram1l1,0.316760927,1.245530998
Rdh11,-0.268489599,0.83018824
Tab3,-0.34241119,0.788722011
Prpf6,-0.232526004,0.851143326
Iqub,-0.389462769,0.763413832
Stip1,0.285634071,1.218945878
Adamtsl1,0.722447574,1.649978899
Nr1d1,-0.406888276,0.754248446
Irgm2,0.661232352,1.581432909
Gja1,-0.336312026,0.792063485
Cope,0.21612592,1.161610114
2310022B05Rik,-0.315894932,0.803352501
Mobp,-0.375677079,0.770743606
Dlg1,-0.200617,0.870178333
Pacsin1,-0.184509367,0.879948279
Abca1,0.422238171,1.340004802
Lrp8,-0.226292178,0.854829038
Desi1,-0.254054159,0.838536705
Spock2,-0.161419868,0.89414464
6430548M08Rik,-0.254967511,0.838006006
Slc9a9,0.525050342,1.438983792
Galr1,-0.880503953,0.543177659
Kcnk10,-0.31258586,0.805197244
Dlgap3,-0.256012022,0.837399509
Ccdc51,0.460858792,1.37636088
Gfap,-0.300441355,0.812003947
Zfand2a,0.238682106,1.179914324
Nyap2,0.302965462,1.233677635
Zeb2,-0.217113703,0.860284826
Mum1l1,0.509332001,1.423390982
NA,0.527437747,1.441367026
Gabra4,-0.275853068,0.825961781
Plxna1,0.273564577,1.208790793
Eif3j2,0.854403734,1.80801135
Sept6,-0.248296693,0.8418898
Ppid,0.249617457,1.188891829
Erp29,-0.185724497,0.879207442
AK129341,-0.324629247,0.798503564
4930452B06Rik,0.68168366,1.604010582
Agbl2,-0.606523037,0.656777661
Chst15,-0.300814152,0.81179415
Gpt2,0.254884601,1.193240293
Tst,-0.333305299,0.793715949
AI464131,0.283658832,1.217278123
Fgf1,-0.435612231,0.73937992
Dbp,-0.395345628,0.760307207
Lama2,0.513577223,1.427585569
Zfp184,0.67859292,1.600577929
Fam83d,-0.790100992,0.578303608
Trp53i11,-0.432495832,0.740978798
Rassf2,-0.237277836,0.848344511
Atp1a1,-0.306425899,0.808642593
Arhgap20,-0.346933842,0.786253347
Pdk2,-0.220193833,0.858450092
Nin,0.425058067,1.342626541
Rab9b,0.344829053,1.270000489
Kcnq2,-0.382216215,0.767258051
Anp32b,-0.577897966,0.669939181
Lrrtm1,0.482733697,1.397389008
Arhgap18,0.518051386,1.432019746
Dst,0.231554985,1.174099752
Tpx2,0.636218429,1.554249838
Pip5k1c,-0.196060479,0.872930997
Kcnk1,0.166755319,1.122531024
Bsdc1,0.203851193,1.151768837
Ldhd,-0.462079197,0.725939288
Gfod1,-0.352824122,0.783049752
Chrnb2,-0.173001602,0.88699532
Bsg,-0.193691805,0.874365386
Tm7sf3,0.330274403,1.257252483
Cd99l2,0.229535311,1.172457243
Atp2b4,-0.494493008,0.709811076
Mrpl51,0.279387444,1.213679457
Prkcb,-0.213050529,0.862711128
Slc16a10,-0.604349136,0.657768061
Amd1,0.305329651,1.235700958
Grik1,-0.308613002,0.807417632
Grm5,0.486872524,1.401403616
Usp3,-0.22030966,0.858381174
Pfn2,0.153057069,1.111923141
Gatsl2,0.247957781,1.187524914
Phkg1,-0.344025582,0.787839916
Srgap2,-0.238774389,0.847464953
Sdc1,-0.562899292,0.676940392
Agfg2,-0.310267836,0.80649202
Fbxl15,-0.514350414,0.700108091
Bin1,-0.190352395,0.876391626
Lingo3,-0.248380184,0.841841079
Erbb3,-0.544644713,0.685560212
Fads6,-0.282306671,0.822275261
Trib1,-0.487586081,0.713217456
Map3k10,0.224009871,1.167975386
Scd2,-0.239773914,0.846878017
Ndst3,-0.271751195,0.828313499
Rmdn3,-0.193923235,0.874225136
Tubb2b,-0.265850931,0.831708031
NA,-0.500668347,0.706779281
Nrxn2,-0.252020091,0.839719799
Vcam1,0.394478619,1.314467634
Crk,0.163568616,1.120054254
Clic1,0.347128987,1.27202673
Rbm33,-0.20760113,0.865975954
Slc17a7,-0.245967031,0.843250381
Pcdhgc4,-0.220848501,0.858060632
Smg5,0.173248231,1.12759441
Scrt1,-0.236633316,0.848723591
Ifit1,0.84082973,1.791079941
Grm2,-0.556093931,0.680141142
Serpinb2,0.804737151,1.746827503
Samd8,-0.241168261,0.846059915
Tmem33,0.191890642,1.142259659
Ier3,-0.460196167,0.726887415
Plekhd1os,-0.730755568,0.602588244
Dner,-0.266080558,0.831575663
Mapre2,-0.201212004,0.869819523
Gm11398,0.570423126,1.484959029
Lmcd1,-0.745854497,0.596314574
Lect1,-0.748035848,0.59541363
Fam110b,0.263306707,1.200226515
Rhog,-0.495456398,0.709337243
Frmpd1,0.416865349,1.335023696
Tmem125,-0.460033655,0.7269693
Soga1,-0.31903553,0.801605588
Ncam2,0.242669016,1.183179545
Rps14,0.217739791,1.162910276
Zbtb7a,-0.228429407,0.85356362
Mllt6,-0.239074335,0.847288777
Orai2,-0.258577287,0.835911847
Rap1gap2,-0.203683212,0.868330875
Dhrs3,-0.37261647,0.772380438
Igtp,0.601822317,1.517632329
Wapal,-0.187742427,0.877978534
Nrsn2,-0.374477744,0.771384604
AU022252,0.295086205,1.226958289
Fam117a,-0.432344586,0.741056483
Nav3,0.29398635,1.22602326
Tnfsf13,-0.659193218,0.633232313
Maz,-0.271386594,0.828522859
Cyb5r1,0.352190971,1.276497729
St3gal4,-0.287441581,0.819353781
2010300C02Rik,-0.391684771,0.762238946
Gm13157,-0.677315712,0.625327682
Adrb2,0.579617918,1.494453406
Igfbp4,0.613414049,1.529875284
Lgmn,0.193352222,1.143417458
Fam84b,-0.538193107,0.688632843
Cand2,-0.640215218,0.641617227
Foxp4,-0.341520727,0.789208978
Pcdh15,0.560159683,1.474432404
Gbp6,0.721393704,1.648774051
Adamts6,0.35110265,1.275535145
Arhgef37,-0.469034851,0.722447747
Trappc5,-0.247370735,0.842430319
Zfp385a,-0.324212939,0.798734016
Rab11a,0.169563383,1.124718049
Wrb,0.182692781,1.13500038
Ccdc107,-0.302572846,0.810805148
Elmo3,-0.626728833,0.647643218
Cyp2j6,0.33546716,1.261785922
Ppp1r1a,-0.436527997,0.73891074
Amotl2,-0.349132299,0.785056123
Pacsin3,-0.261876374,0.834002507
Sept4,-0.218433037,0.859498462
Zfp54,0.623227119,1.540316817
Padi2,-0.511533201,0.701476559
Fbxo4,0.472252429,1.387273679
Sirpa,-0.207872808,0.865812895
Nck1,-0.244039699,0.844377652
Pcca,-0.244118899,0.844331299
Arl5a,-0.181387737,0.881854327
2210015D19Rik,0.323939353,1.251743838
Mif,-0.275781989,0.826002476
Grin2c,-0.225088075,0.855542794
Paip2,0.180814579,1.133523718
Gtf2ird1,-0.344921678,0.787350719
Syt9,-0.235036746,0.849663358
Hspa14,-0.18909055,0.877158493
1700084C01Rik,-0.310573041,0.806321423
Tbkbp1,-0.197281495,0.872192509
Hmgcll1,0.296380967,1.22805993
Slc9a3,-0.564612925,0.6761368
St8sia5,-0.248857945,0.841562343
Cited4,-0.70631361,0.612884188
Samd9l,0.476816297,1.391669174
Dnah5,0.655818105,1.575509119
Gm14569,-0.736651301,0.600130725
Tmem150a,0.658456206,1.578392719
0610043K17Rik,-0.711436331,0.610711818
Gria2,0.200222656,1.148875651
Sebox,-0.398420721,0.758688344
Tspan14,-0.321799129,0.800071517
Ywhab,0.166827142,1.12258691
1500009L16Rik,-0.479656398,0.717148404
Rufy3,0.161935508,1.118787088
Fah,0.298130393,1.229549991
NA,-0.269960791,0.829342085
B930041F14Rik,-0.269960791,0.829342085
Cdc23,0.210962981,1.157460517
Necab2,-0.7316643,0.602208802
Ppp2r2d,0.19502528,1.14474422
Pcbp4,-0.257445693,0.836567761
Frem2,0.543418527,1.457421851
Mgat5,-0.375722408,0.77071939
Ylpm1,-0.225894779,0.855064539
Lfng,0.336389154,1.262592559
AW011738,-0.734427273,0.601056587
Tbl1xr1,-0.17645587,0.884874113
NA,-0.432467431,0.740993385
Tceal1,0.255055964,1.193382035
Snx16,0.221010834,1.165549951
Prom2,-0.774869978,0.584441294
Pcdh19,0.502186835,1.416358851
Scg2,-0.30900234,0.807199765
Lyz2,0.416781694,1.334946286
Hes6,-0.437552363,0.738386273
Nbas,-0.16995123,0.888872729
Emp2,-0.3754116,0.770885448
NA,-0.348824471,0.785223649
Adck3,-0.317299753,0.802570619
Grm3,-0.260764599,0.834645457
Bdh1,0.22800155,1.171211439
Ifi35,0.645092905,1.563839989
Oma1,-0.278400213,0.824504794
Jam3,0.29715994,1.228723192
Wif1,-0.750228763,0.594509281
Rom1,-0.426933438,0.743841199
Csrnp3,0.34847939,1.27321794
Peg10,0.364243388,1.287206386
Ccdc120,-0.301543653,0.811383768
Herc6,0.555376947,1.469552547
Psme1,0.370418519,1.29272779
Bst2,0.743318975,1.674022565
Cyth3,-0.203507707,0.868436515
Hlcs,-0.266982049,0.831056202
Nt5c1a,-0.549500048,0.683256863
Amer1,-0.315903753,0.803347589
Atxn7l3b,0.141328797,1.102920495
Porcn,-0.214591458,0.861790166
Hapln2,-0.349269152,0.784981657
Fth1,-0.239835918,0.846841621
Sel1l3,-0.181893855,0.881545014
Dusp10,-0.312366396,0.805319741
Tceanc2,-0.387762249,0.764314207
Mid1ip1,-0.262371719,0.833716204
Tnfsf12Tnfsf13,-0.514059663,0.700249201
Sema4a,-0.530006051,0.692551829
Aftph,-0.194166839,0.874077533
Inpp4b,0.21124056,1.157683237
Chst11,-0.253456175,0.838884343
Mest,0.41158402,1.330145457
Astn2,-0.243439034,0.844729282
mt-Nd4,-0.254944533,0.838019353
Slc25a22,-0.203384548,0.868510654
Gpr63,-0.326118648,0.797679635
Wipf3,-0.649807692,0.637365268
Rps6ka6,0.420690507,1.338568071
Erbb2ip,-0.270494372,0.82903541
Dhx9,0.219673619,1.164470118
Meis2,0.580668807,1.495542394
Adap1,0.172674537,1.127146106
Fut10,-0.47051844,0.721705203
Mvp,-0.438024282,0.738144779
Slitrk3,0.418496668,1.33653412
Kcnmb4,-0.26672101,0.831206586
Itgb7,-0.69905597,0.615975139
Emilin3,-0.598689377,0.660353584
Ctsf,-0.20288448,0.86881175
Foxj1,0.414685875,1.333008403
Hmgcl,-0.283598483,0.821539312
Efs,-0.486546516,0.713731565
Litaf,-0.4475061,0.733309381
Pdpn,0.330003232,1.25701619
F3,0.347813338,1.272630266
Cdyl2,-0.3883816,0.763986155
Prkacb,0.16950205,1.124670235
Fbxo2,-0.300189376,0.812145783
Pot1a,-0.365318745,0.776297343
Oprl1,0.385414928,1.306235415
Plekho2,-0.271792471,0.8282898
Cars,0.314054787,1.243196879
Ppfibp1,0.32194984,1.25001884
Cox7a2l,0.209479183,1.156270692
Magi2,0.196650252,1.146034322
Inpp5e,-0.235474616,0.849405517
Pla2g5,0.657328367,1.577159279
NA,-0.262678176,0.833539125
Ctnnb1,-0.128911242,0.914521351
Zc3h6,-0.362973332,0.777560409
Pomc,0.772301793,1.707992681
Dip2c,0.171678066,1.126367854
Micu3,-0.236494929,0.848805007
Mef2d,-0.216139644,0.860865858
Cttnbp2,-0.237858802,0.848002955
Mgat4b,-0.27728942,0.82513986
Tmem145,-0.44196853,0.736129488
Igsf8,-0.27206248,0.828134796
Nmral1,-0.371486425,0.77298567
C77370,0.253228873,1.191871641
Fam175a,-0.287099421,0.819548128
Large,-0.205107272,0.867474184
Rgs2,0.306202799,1.236449056
Fgf7,-0.490739495,0.711660223
Tle3,0.29145661,1.223875334
Cycs,0.286648482,1.219803265
Marc2,0.249564782,1.188848421
Wiz,-0.304773241,0.809569452
Ap1s2,0.245044157,1.185129044
Fmnl3,-0.471519053,0.721204822
Morn1,-0.518067062,0.698306806
Klf16,-0.563400745,0.676705141
Gm20507,-0.53307426,0.69108053
P4ha1,0.287704587,1.220696532
Ehd3,0.182964638,1.135214276
Pvrl4,-0.444723248,0.734725245
Caln1,-0.227788076,0.853943145
Mfsd2a,0.462716013,1.378133848
Id4,-0.271510154,0.828451902
Slc14a1,-0.407608837,0.753871827
Rnf19b,-0.249551237,0.841158024
Rnpep,0.280908376,1.214959629
Lypd6,-0.417796522,0.748567064
Trim30a,0.647543192,1.566498287
Tpbg,0.545941889,1.459973203
Gm15513,-0.569825411,0.673698312
Bag2,0.371390074,1.293598647
Fam110a,-0.672883868,0.627251592
Folh1,0.450217664,1.366246371
2610002M06Rik,0.166522548,1.122349925
Cab39,0.159452721,1.116863382
Sh3bgrl,0.236966729,1.178512229
Ascl1,-0.68616271,0.621504736
Nfyb,0.249070913,1.188441519
Strn,0.218559474,1.163571184
Clstn3,-0.164425239,0.892283929
Lysmd3,0.237881675,1.17925987
Lpo,0.613439023,1.529901768
Slc6a17,-0.174816027,0.88588048
Reps1,-0.173046216,0.886967891
Arl3,-0.24314256,0.844902891
Nfix,-0.170708716,0.888406149
Hist1h1b,0.480634391,1.395357107
Uba3,0.186819941,1.138251958
Pfkp,0.177311227,1.130774478
Pcdhb11,0.462128073,1.377572333
Ecm1,-0.597585201,0.660859183
Ahnak,0.257722467,1.195589778
Fads3,0.387253106,1.307900786
Sema4c,-0.37358579,0.771861664
Fnip2,-0.18772462,0.877989371
Msx2,-0.473496288,0.720217077
Nr2f6,-0.317340016,0.802548221
Abcc9,0.436974943,1.353762766
Cry2,-0.311172575,0.805986414
Dnaja1,0.178488061,1.131697249
Cd109,0.637272477,1.555385805
Cpa2,0.547379136,1.461428387
Dync1i1,0.194844544,1.144600819
Zfp367,0.239698023,1.180745488
Gas6,0.22142674,1.165886009
Elovl6,0.188551798,1.139619173
Dgkh,-0.369732141,0.773926175
NA,-0.314615786,0.804065098
Prom1,-0.332410812,0.794208214
Arpp21,-0.169189289,0.889342299
Hdc,-0.433071256,0.740683315
Trmt11,-0.282764673,0.82201426
Itga3,-0.328976899,0.796100846
Tmco3,0.189978525,1.140746735
Eya2,-0.575879931,0.670876944
Pan2,-0.287314236,0.819426107
Cyp2j12,0.513100982,1.427114393
Gnl2,-0.22297509,0.856796748
Cpne4,0.585132718,1.500176989
Khdrbs3,0.284834355,1.218270378
Mtfr1l,-0.19111155,0.875930585
Zc3h4,-0.231910437,0.851506568
Sepp1,0.267476052,1.20370015
Dok7,0.392837971,1.312973658
Hist1h4i,-0.615806639,0.65256493
Plekhh1,-0.405640244,0.754901206
Chaf1a,-0.669891834,0.628553811
Pacrgl,0.52753824,1.44146743
Agpat5,0.181202844,1.133828819
Snx25,-0.204323664,0.867945485
Pvrl2,-0.497406214,0.708379214
Tinf2,-0.265506148,0.831906821
Rims1,-0.204296947,0.867961559
Snap91,-0.138571009,0.908418499
Gmpr,-0.376124412,0.77050466
Rab11fip4,-0.223730549,0.856348209
Sprn,0.228139162,1.171323161
Fam222a,-0.472147226,0.720890865
Fbxo21,0.203744128,1.151683365
Tspyl5,0.203869879,1.151783755
Pitpnc1,-0.225171268,0.855493461
Rgs19,0.432831079,1.349879922
Pik3c2b,-0.437178612,0.738577587
Sv2c,0.374682575,1.296554253
Usp54,0.215956688,1.161473862
