,Gene name,Log2(Fold expression) (Atxn1(154Q/2Q) vs. WT),Fold Expression (Atxn1(154Q/2Q) vs. WT)
0,Ube2g1,-0.229382353,0.853
1,Golph2,-0.270555993,0.8290000000000001
2,Gps1,-0.24297675300000002,0.845
3,Zranb1,-0.300448367,0.812
4,2310079P12Rik,-0.153606979,0.899
5,2510002A14Rik,-0.194294815,0.8740000000000001
6,Ganab,-0.239566125,0.847
7,Kitl,-1.13289427,0.456
8,Emb,-0.26015189699999997,0.835
9,MGI:1919030,-0.33825040000000006,0.7909999999999999
10,Mdk,-0.5043048370000001,0.705
11,Orc3l,-0.204233052,0.868
12,Anxa7,-0.270555993,0.8290000000000001
13,Prdx4,-0.236163541,0.8490000000000001
14,Serpinf1,-0.448114897,0.733
15,Napa,-0.18278607600000002,0.8809999999999999
16,Capn2,-0.20589610100000003,0.867
17,Plod1,-0.45600928,0.7290000000000001
18,Clpp,-0.33825040000000006,0.7909999999999999
19,Bckdha,-0.24810786199999998,0.8420000000000001
20,C430010P07Rik,-0.321928095,0.8
21,Kcnip1,-0.436353731,0.7390000000000001
22,Hspa5bp1,-0.36215794,0.778
23,D10Ertd214e,-0.30222618,0.8109999999999999
24,Numb,-0.277533976,0.825
25,Cog2,-0.436353731,0.7390000000000001
26,Por,-0.35845397100000004,0.78
27,Ptov1,-0.621488377,0.65
28,Hsd3b7,-0.793356776,0.5770000000000001
29,Stam2,-0.32915966399999996,0.7959999999999999
30,Efemp2,-0.380821784,0.768
31,Cul7,-0.397828209,0.759
32,Lcat,-0.190997225,0.8759999999999999
33,C1qb,-0.35475948700000004,0.782
34,Man1a,-0.5756153279999999,0.6709999999999999
35,2810052M02Rik,-0.320125852,0.8009999999999999
36,Polr2e,-0.340075442,0.79
37,Tubg1,-0.236163541,0.8490000000000001
38,Rnf26,-0.18278607600000002,0.8809999999999999
39,Crebl1,-0.380821784,0.768
40,Eng,-0.212567535,0.863
41,Stk19,-0.823677227,0.565
42,Sil1,-0.142417045,0.9059999999999999
43,Peli1,-0.22263289100000003,0.857
44,Sertad1,-0.41311518700000005,0.7509999999999999
45,Large,-0.267079618,0.831
46,Fbxo6b,-0.35291578700000004,0.7829999999999999
47,Il11ra1,-0.377069649,0.77
48,Trpc3,-0.5374241120000001,0.6890000000000001
49,Crlz1,-0.194294815,0.8740000000000001
50,Ptges2,-0.304006187,0.81
51,Slc15a2,-1.035046947,0.488
52,Drg2,-0.212567535,0.863
53,Wwtr1,-0.268816758,0.83
54,Fbxl15,-0.5374241120000001,0.6890000000000001
55,Tnfaip1,-0.19759996,0.872
56,Slc39a3,-0.35291578700000004,0.7829999999999999
57,Tce1,-0.209227962,0.865
58,Ppp1r7,-0.332789088,0.794
59,Pdlim4,-0.5374241120000001,0.6890000000000001
60,Nab2,-0.75389599,0.593
61,Igfbp6,-0.369594529,0.774
62,1810007M14Rik,-0.314732593,0.804
63,Narg1,-0.397828209,0.759
64,Hist1h2bc,-0.293358943,0.816
65,Stx8,-0.450084446,0.732
66,Plvap,-0.846843212,0.556
67,Rbl2,-0.332789088,0.794
68,Sp1,-0.34923544100000004,0.785
69,Ramp2,-0.64385619,0.64
70,Atg5l,-0.286304185,0.82
71,Apip,-0.270555993,0.8290000000000001
72,Akap1,-0.321928095,0.8
73,Mknk2,-0.21926996399999998,0.8590000000000001
74,Hbegf,-0.360304767,0.779
75,Mbd6,-0.41119543299999994,0.752
76,Itga7,-0.316528107,0.8029999999999999
77,Tcfl4,-0.341902795,0.789
78,Irx3,-0.524915117,0.695
79,Mybpc3,-0.839079812,0.5589999999999999
80,Gclm,-0.224317298,0.856
81,Pscd3,-0.23107466399999999,0.852
82,Rdh11,-0.227692025,0.8540000000000001
83,Rdh5,-0.597277823,0.6609999999999999
84,Cdc2l1,-0.20756107,0.866
85,Dibd1,-0.43050890799999997,0.742
86,En2,-0.24639546399999998,0.843
87,Nfil3,-0.360304767,0.779
88,Dcbld1,-0.401634795,0.757
89,Rb1cc1,-0.209227962,0.865
90,Gpatc1,-0.199255376,0.871
91,Csnk2a1,-0.428565884,0.743
92,Rtn2,-0.179514657,0.883
93,Rabgef1,-0.28103566399999996,0.823
94,Zfp260,-0.18606493,0.879
95,Rsu1,-0.251538767,0.84
96,Klf7,-0.401634795,0.757
97,Zmat5,-0.227692025,0.8540000000000001
98,Gosr2,-0.64385619,0.64
99,Dhrs4,-0.24127043199999998,0.846
100,Gng13,-0.34923544100000004,0.785
101,Nudc,-0.229382353,0.853
102,Tuba8,-0.5734668620000001,0.672
103,1600012F09Rik,-0.397828209,0.759
104,Sgcb,-0.345564459,0.787
105,Nxph3,-0.321928095,0.8
106,Abcb1a,-0.43050890799999997,0.742
107,Csf1r,-0.35475948700000004,0.782
108,Trim25,-0.39592867600000003,0.76
109,Strap,-0.24297675300000002,0.845
110,Cnnm1,-0.5756153279999999,0.6709999999999999
111,Ramp3,-0.314732593,0.804
112,Atp2b2,-0.47393118799999995,0.72
113,Th,-0.816037165,0.568
114,2310008H09Rik,-0.268816758,0.83
115,Thpok,-0.345564459,0.787
116,Doc2b,-0.550042516,0.6829999999999999
117,4930570C03Rik,-0.49614246700000003,0.7090000000000001
118,Crnkl1,-0.28103566399999996,0.823
119,Sgk3,-0.422752464,0.746
120,St6gal1,-0.46195854700000005,0.726
121,Trpc1,-0.177881725,0.884
122,Terf2,-0.23786383,0.848
123,3300001H21Rik,-0.567040593,0.675
124,Slc4a4,-0.60823228,0.6559999999999999
125,Akt2,-0.217591435,0.86
126,Ptpn4,-0.60823228,0.6559999999999999
127,Myo7a,-0.529072743,0.693
128,Elac1,-0.416962376,0.7490000000000001
129,Lrp8,-0.59946207,0.66
130,Sp4,-1.0499049059999999,0.483
131,Creb1,-0.5145731729999999,0.7
132,St8sia5,-0.24639546399999998,0.843
133,Asgr1,-0.457989644,0.728
134,Mrps34,-0.16165326300000002,0.894
135,Itga3,-0.5145731729999999,0.7
136,Itgb1bp1,-0.18278607600000002,0.8809999999999999
137,Clstn2,-0.7490384259999999,0.595
138,Kctd1,-0.37332724700000003,0.772
139,Ephx1,-0.327348371,0.797
140,Ppt1,-0.192645078,0.875
141,Pex13,-0.226003675,0.855
142,Pde4b,-0.14560532199999998,0.904
143,Casq2,-0.375197235,0.7709999999999999
144,Ptprm,-0.300448367,0.812
145,Gna13,-0.20756107,0.866
146,Sec8l1,-0.35845397100000004,0.78
147,Limd1,-0.360304767,0.779
148,Prkcd,-0.291592017,0.8170000000000001
149,Cpsf3,-0.29512803600000004,0.815
150,Syt12,-0.380821784,0.768
151,Usp8,-0.24297675300000002,0.845
152,Ly86,-0.666576266,0.63
153,Smc6l1,-0.397828209,0.759
154,Thrsp,-0.174621396,0.8859999999999999
155,Dnmt3a,-0.652901329,0.636
156,4930553F24Rik,-0.265344567,0.8320000000000001
157,Ide,-0.18278607600000002,0.8809999999999999
158,Kcnb1,-0.356605547,0.7809999999999999
159,Mrpl49,-0.224317298,0.856
160,Txndc4,-0.166502663,0.8909999999999999
161,BC025462,-0.229382353,0.853
162,Add3,-0.215914857,0.861
163,Tcfap2b,-0.39592867600000003,0.76
164,Cacna1g,-0.307572802,0.8079999999999999
165,Adam23,-0.550042516,0.6829999999999999
166,Agt,-0.224317298,0.856
167,Perq1,-0.30222618,0.8109999999999999
168,Mmd,-0.351074441,0.784
169,Nnat,-0.5063526660000001,0.7040000000000001
170,Asf1a,-0.289827252,0.818
171,Strn3,-0.164884385,0.892
172,Leprotl1,-0.263611599,0.833
173,Kcnc1,-0.444183845,0.735
174,Paics,-0.189351252,0.877
175,Kctd10,-0.336427665,0.792
176,9530090G24Rik,-0.224317298,0.856
177,Sara1,-0.19759996,0.872
178,Dym,-0.32915966399999996,0.7959999999999999
179,D2Ertd391e,-0.204233052,0.868
180,2610034N24Rik,-0.388355457,0.764
181,Ddx56,-0.40354186,0.7559999999999999
182,5031439A09Rik,-0.36215794,0.778
183,D11Ertd99e,-0.300448367,0.812
184,Rasl11b,-0.39213709700000005,0.762
185,Nrbp,-0.22263289100000003,0.857
186,Dalrd3,-0.214240226,0.862
187,BC023882,-0.217591435,0.86
188,Pkig,-0.32915966399999996,0.7959999999999999
189,Thoc3,-0.217591435,0.86
190,4930453N24Rik,-0.274040765,0.8270000000000001
191,Sbk1,-0.36587144200000005,0.7759999999999999
192,Gdf10,-0.316528107,0.8029999999999999
193,Itpka,-0.47995497600000003,0.7170000000000001
194,2010107G23Rik,-0.153606979,0.899
195,Gdpd5,-0.23446525399999998,0.85
196,0610039K22Rik,-0.258425153,0.836
197,BC016198,-0.340075442,0.79
198,Prpf3,-0.227692025,0.8540000000000001
199,Fyttd1,-0.267079618,0.831
200,5830417I10Rik,-0.42081985200000005,0.747
201,Cluap1,-0.226003675,0.855
202,MGI:2149786,-0.18278607600000002,0.8809999999999999
203,Ttc8,-0.184424571,0.88
204,Camkk2,-0.336427665,0.792
205,Bbs2,-0.5374241120000001,0.6890000000000001
206,Rnf126,-0.341902795,0.789
207,Zfyve27,-0.47593632399999997,0.7190000000000001
208,Gup1,-0.236163541,0.8490000000000001
209,Srgap3,-0.16326792,0.893
210,5830433M19Rik,-0.483984853,0.715
211,Rhog,-0.40545145,0.755
212,Hmgcl,-0.194294815,0.8740000000000001
213,Wdr21,-0.323732592,0.799
214,Alad,-0.41119543299999994,0.752
215,Klhdc4,-0.263611599,0.833
216,Plxdc1,-0.66428809,0.631
217,D11Ertd498e,-0.48196850700000005,0.716
218,2700078E11Rik,-0.567040593,0.675
219,1810034M08Rik,-0.288064643,0.8190000000000001
220,Pigx,-0.258425153,0.836
221,Hint2,-0.270555993,0.8290000000000001
222,Ptpn2,-0.44026347600000004,0.737
223,Leng1,-0.336427665,0.792
224,6530403A03Rik,-0.37145968100000004,0.773
225,Senp2,-0.26015189699999997,0.835
226,Bmpr1a,-0.204233052,0.868
227,Stau2,-0.367731785,0.775
228,Pck2,-0.24982229399999997,0.841
229,Cdadc1,-0.356605547,0.7809999999999999
230,Snrk,-0.256700472,0.8370000000000001
231,Rgs3,-0.288064643,0.8190000000000001
232,Pitpnm1,-0.179514657,0.883
233,Olfm1,-0.204233052,0.868
234,Echdc2,-0.286304185,0.82
235,Rngtt,-0.345564459,0.787
236,Mrgprf,-0.332789088,0.794
237,B4galt4,-0.397828209,0.759
238,Fbf1,-0.307572802,0.8079999999999999
239,Kcnma1,-0.579921884,0.669
240,Ankrd25,-0.44222232899999997,0.736
241,Asph,-0.15842936300000002,0.8959999999999999
242,Rabggta,-0.212567535,0.863
243,Ptprr,-0.272297327,0.828
244,Kcnq2,-0.46992925799999996,0.722
245,Glul,-0.418889825,0.748
246,Eif4b,-0.171368418,0.888
247,2410195B05Rik,-0.76121314,0.59
248,Lzts2,-0.42081985200000005,0.747
249,0610037L13Rik,-0.38270151700000005,0.767
250,Prkrir,-0.217591435,0.86
251,Bfar,-0.194294815,0.8740000000000001
252,Sh3glb2,-0.15682011,0.897
253,Icmt,-0.272297327,0.828
254,Olfm3,-0.47593632399999997,0.7190000000000001
255,Gnpda2,-0.39213709700000005,0.762
256,Sidt1,-0.520769439,0.6970000000000001
257,2810028N01Rik,-0.471928835,0.721
258,Prkcbp1,-0.46394709999999995,0.725
259,4930504E06Rik,-0.18278607600000002,0.8809999999999999
260,Katnb1,-0.267079618,0.831
261,Sepn1,-0.18606493,0.879
262,Usp52,-0.35291578700000004,0.7829999999999999
263,4632419K20Rik,-0.60823228,0.6559999999999999
264,Apbb2,-0.184424571,0.88
265,Cnn3,-0.20257191800000002,0.8690000000000001
266,Map4k3,-0.227692025,0.8540000000000001
267,Aof2,-0.169744676,0.889
268,Ppp2r5b,-0.177881725,0.884
269,Inhbb,-0.788364747,0.579
270,Ube3c,-0.256700472,0.8370000000000001
271,C230093N12Rik,-0.595096878,0.662
272,Marveld2,-0.5353317329999999,0.69
273,6330406I15Rik,-0.41311518700000005,0.7509999999999999
274,Car9,-0.9517638140000001,0.517
275,Dnmbp,-0.320125852,0.8009999999999999
276,Slc16a11,-0.40545145,0.755
277,Mtmr13,-0.24639546399999998,0.843
278,Hnrpll,-0.169744676,0.889
279,Epn2,-0.1376478,0.909
280,Wdr10,-0.520769439,0.6970000000000001
281,Trim24,-0.369594529,0.774
282,Malat1,-0.5374241120000001,0.6890000000000001
283,Ryr1,-0.327348371,0.797
284,Cmya5,-0.8008773579999999,0.574
285,Crocc,-0.606034724,0.657
286,Rasd2,-0.43245455200000005,0.741
287,Trim13,-0.19759996,0.872
288,AI848100,-0.340075442,0.79
289,Triobp,-1.126580497,0.45799999999999996
290,Gstz1,-0.239566125,0.847
291,Plf,-0.795859283,0.5760000000000001
292,2610312B22Rik,-0.298672743,0.813
293,Zfp294,-0.857259828,0.552
294,Nup88,-0.19759996,0.872
295,1300001I01Rik,-0.194294815,0.8740000000000001
296,1200015F23Rik,-0.320125852,0.8009999999999999
297,1600012H06Rik,-0.184424571,0.88
298,G6pc3,-0.44222232899999997,0.736
299,Pdrg1,-0.217591435,0.86
300,Foxk2,-0.263611599,0.833
301,2810025M15Rik,-0.5458241070000001,0.685
302,2310015N07Rik,-0.265344567,0.8320000000000001
303,Chn2,-0.336427665,0.792
304,Vps25,-0.16326792,0.893
305,B930013M22Rik,-0.265344567,0.8320000000000001
306,4921526G09Rik,-0.20756107,0.866
307,Stx17,-0.28103566399999996,0.823
308,Zfp278,-0.139235797,0.9079999999999999
309,Pqlc1,-0.268816758,0.83
310,Ctnnb1,-0.204233052,0.868
311,2610002J02Rik,-0.304006187,0.81
312,Fgfr1op2,-0.258425153,0.836
313,Arid4b,-0.40354186,0.7559999999999999
314,Dtnbp1,-0.232768963,0.851
315,Sdccag3,-0.267079618,0.831
316,Prdm5,-0.23446525399999998,0.85
317,Rutbc3,-0.40354186,0.7559999999999999
318,Hbp1,-0.22263289100000003,0.857
319,Aatf,-0.204233052,0.868
320,Sf3a3,-0.15842936300000002,0.8959999999999999
321,Pi4k2a,-0.291592017,0.8170000000000001
322,5730472N09Rik,-0.36215794,0.778
323,Inpp5a,-0.345564459,0.787
324,Sec23ip,-0.284545873,0.821
325,Cdw92,-0.23107466399999999,0.852
326,Sesn1,-0.199255376,0.871
327,D330001F17Rik,-0.251538767,0.84
328,Dnajc11,-0.224317298,0.856
329,Pib5pa,-0.343732465,0.7879999999999999
330,6430596G11Rik,-0.21926996399999998,0.8590000000000001
331,Cerk,-0.314732593,0.804
332,Tceb3,-0.270555993,0.8290000000000001
333,2400001E08Rik,-0.192645078,0.875
334,Wdr42a,-0.16326792,0.893
335,B3galnt2,-0.22263289100000003,0.857
336,BC060631,-0.320125852,0.8009999999999999
337,Ppp2r5c,-0.224317298,0.856
338,Gna11,-0.16165326300000002,0.894
339,D11Wsu99e,-0.614845103,0.653
340,A830073O21Rik,-0.37145968100000004,0.773
341,Fntb,-0.261880711,0.8340000000000001
342,Tjp2,-0.284545873,0.821
343,Rnf123,-0.26015189699999997,0.835
344,Sbno1,-0.192645078,0.875
345,Tbl1x,-0.639354798,0.642
346,Ccm2,-0.428565884,0.743
347,Extl3,-0.187707155,0.878
348,C130076O07Rik,-0.210896782,0.8640000000000001
349,Slc2a1,-0.336427665,0.792
350,Lta4h,-0.20589610100000003,0.867
351,Atp6v0a2,-0.340075442,0.79
352,Baz1b,-0.251538767,0.84
353,Foxo3a,-0.22263289100000003,0.857
354,Nptx1,-0.268816758,0.83
355,Kctd12,-0.36587144200000005,0.7759999999999999
356,Tpcn1,-0.19759996,0.872
357,Adarb1,-0.16165326300000002,0.894
358,BC046331,-0.37332724700000003,0.772
359,A930001N09Rik,-0.452056689,0.731
360,Id2,-0.217591435,0.86
361,Cox6b2,-0.321928095,0.8
362,Adora1,-0.21926996399999998,0.8590000000000001
363,Cdk2ap1,-0.258425153,0.836
364,Camsap1,-0.232768963,0.851
365,Uqcrc2,-0.192645078,0.875
366,Hr,-0.448114897,0.733
367,AI118078,-0.209227962,0.865
368,LOC435684,-0.30222618,0.8109999999999999
369,A930004K21Rik,-0.325539348,0.7979999999999999
370,Arpc5l,-0.277533976,0.825
371,Snapc2,-0.16326792,0.893
372,D0H4S114,-0.16326792,0.893
373,Prkwnk1,-0.788364747,0.579
374,Xab2,-0.209227962,0.865
375,C230027N18Rik,-0.318325858,0.802
376,Phc2,-0.275786313,0.826
377,Atad3a,-0.33825040000000006,0.7909999999999999
378,Clu,-0.286304185,0.82
379,Mmp16,-0.531156057,0.6920000000000001
380,Ppib,-0.224317298,0.856
381,Zfp64,-0.444183845,0.735
382,Edf1,-0.345564459,0.787
383,Slc44a2,-0.37145968100000004,0.773
384,Mrps24,-0.274040765,0.8270000000000001
385,Btbd10,-0.20589610100000003,0.867
386,Commd9,-0.321928095,0.8
387,Sfrs8,-0.40927823,0.753
388,Zfp258,-0.236163541,0.8490000000000001
389,Dhx30,-0.18278607600000002,0.8809999999999999
390,Fgf11,-0.42081985200000005,0.747
391,Ppgb,-0.251538767,0.84
392,1110014J01Rik,-0.24639546399999998,0.843
393,Vcam1,-0.314732593,0.804
394,Stim1,-0.330973234,0.795
395,Myd116,-0.169744676,0.889
396,Smarcd2,-0.289827252,0.818
397,Tmed4,-0.174621396,0.8859999999999999
398,Deaf1,-0.30222618,0.8109999999999999
399,Vars2,-0.375197235,0.7709999999999999
400,2310028N02Rik,-0.311148256,0.8059999999999999
401,Cib1,-0.314732593,0.804
402,Slc20a1,-0.307572802,0.8079999999999999
403,Mmp17,-0.369594529,0.774
404,Cd2bp2,-0.251538767,0.84
405,Slc14a1,-0.318325858,0.802
406,Wdr12,-0.356605547,0.7809999999999999
407,Cacnb3,-0.37145968100000004,0.773
408,Plcb3,-0.543719518,0.6859999999999999
409,H47,-0.215914857,0.861
410,Iap,-0.15682011,0.897
411,Rbp1,-0.40736357100000004,0.754
412,Nab1,-0.5734668620000001,0.672
413,Taf10,-0.16326792,0.893
414,Sdc4,-0.46394709999999995,0.725
415,Dusp1,-0.347398782,0.7859999999999999
416,Msra,-0.189351252,0.877
417,3010026O09Rik,-0.438307279,0.738
418,4632409L19Rik,-0.6461121639999999,0.639
419,Gria1,-0.29512803600000004,0.815
420,Ercc4,-0.291592017,0.8170000000000001
421,Rhou,-0.35291578700000004,0.7829999999999999
422,Ctcf,-0.380821784,0.768
423,Gli1,-0.522840789,0.696
424,A930040G15Rik,-0.189351252,0.877
425,Rap2ip,-0.19594644100000003,0.873
426,Rab3d,-0.57132159,0.6729999999999999
427,Mapk12,-0.300448367,0.812
428,Slk,-0.438307279,0.738
429,Ptplb,-0.44026347600000004,0.737
430,Dcn,-0.516635639,0.6990000000000001
431,Pde9a,-0.49410907,0.71
432,Chd1l,-0.256700472,0.8370000000000001
433,D6Wsu163e,-0.25325728399999997,0.8390000000000001
434,Eef1d,-0.26015189699999997,0.835
435,Zfp467,-0.459972731,0.727
436,Gprk5,-0.61705613,0.652
437,Gadd45b,-0.336427665,0.792
438,Prkg1,-0.921390165,0.528
439,Ppargc1b,-0.24639546399999998,0.843
440,Fgf14,-0.6461121639999999,0.639
441,Nrk,-0.426625474,0.7440000000000001
442,Cnot4,-0.336427665,0.792
443,Srprb,-0.268816758,0.83
444,Zfp101,-0.272297327,0.828
445,D3Ertd300e,-0.6551715029999999,0.635
446,Scn1a,-0.314732593,0.804
447,MGI:1932093,-0.21926996399999998,0.8590000000000001
448,Ak3l1,-0.232768963,0.851
449,Mgll,-0.23446525399999998,0.85
450,Cbx5,-0.401634795,0.757
451,Lhx1,-0.486004021,0.7140000000000001
452,Ptpn12,-0.46992925799999996,0.722
453,B3galt1,-0.347398782,0.7859999999999999
454,Manba,-0.364013496,0.777
455,Zfp36l1,-0.564904848,0.6759999999999999
456,Myo10,-0.320125852,0.8009999999999999
457,Tesk1,-0.438307279,0.738
458,Kcnj9,-0.39213709700000005,0.762
459,Bicd2,-0.44026347600000004,0.737
460,Cacna2d2,-0.35845397100000004,0.78
461,Fut9,-0.49410907,0.71
462,Ipo4,-0.345564459,0.787
463,Dap3,-0.215914857,0.861
464,Ppp1r14b,-0.343732465,0.7879999999999999
465,Gsk3b,-0.30222618,0.8109999999999999
466,Rbm21,-0.320125852,0.8009999999999999
467,Bxdc2,-0.22263289100000003,0.857
468,Arhgef12,-0.43245455200000005,0.741
469,Tinf2,-0.35291578700000004,0.7829999999999999
470,Lrrc49,-0.307572802,0.8079999999999999
471,Spcs3,-0.23107466399999999,0.852
472,Ttc4,-0.293358943,0.816
473,Rnh1,-0.229382353,0.853
474,Dcamkl1,-0.444183845,0.735
475,BC020025,-0.23107466399999999,0.852
476,Senp1,-0.826232932,0.564
477,Tm6sf1,-0.343732465,0.7879999999999999
478,BC023488,-0.579921884,0.669
479,D2Bwg0891e,-0.22263289100000003,0.857
480,Ubl7,-0.227692025,0.8540000000000001
481,Rhobtb2,-0.268816758,0.83
482,Fbxw2,-0.502259911,0.706
483,Tdrd3,-0.32915966399999996,0.7959999999999999
484,Stx4a,-0.309359421,0.807
485,Recc1,-0.492078535,0.711
486,E330036I19Rik,-0.24468509600000002,0.8440000000000001
487,Crsp3,-0.284545873,0.821
488,Asahl,-0.277533976,0.825
489,Igfbp5,-1.177881725,0.442
490,2810421I24Rik,-0.341902795,0.789
491,2310047B19Rik,-0.236163541,0.8490000000000001
492,Phf20,-0.284545873,0.821
493,Centd1,-0.212567535,0.863
494,Zfyve26,-0.265344567,0.8320000000000001
495,Phf22,-0.418889825,0.748
496,Itsn1,-0.334607229,0.7929999999999999
497,Synj2,-0.5458241070000001,0.685
498,Mef2a,-0.214240226,0.862
499,AA536743,-0.300448367,0.812
500,Jarid1a,-0.867752202,0.5479999999999999
501,Suz12,-0.25497785100000003,0.838
502,Abcf1,-0.336427665,0.792
503,Car7,-0.305788392,0.809
504,Hist1h2bp,-0.31293931199999997,0.805
505,Eif2s1,-0.166502663,0.8909999999999999
506,0610009O20Rik,-0.37894449700000005,0.769
507,AA415817,-0.199255376,0.871
508,Fip1l1,-0.321928095,0.8
509,Gtf3c2,-0.256700472,0.8370000000000001
510,Lphn1,-0.289827252,0.818
511,Sfrs2ip,-0.529072743,0.693
512,2310007H09Rik,-0.224317298,0.856
513,Rgs8,-0.38458370299999994,0.7659999999999999
514,Wnk2,-0.204233052,0.868
515,6330583M11Rik,-0.147202107,0.903
516,Mrps7,-0.256700472,0.8370000000000001
517,Ndst3,-0.698997744,0.616
518,1500011J06Rik,-0.118726939,0.9209999999999999
519,Pwp1,-0.388355457,0.764
520,4933426M11Rik,-0.21926996399999998,0.8590000000000001
521,Ankrd28,-0.20091269399999998,0.87
522,Mipol1,-0.16326792,0.893
523,Gna12,-0.311148256,0.8059999999999999
524,Mtdh,-0.24127043199999998,0.846
525,4932416N17Rik,-0.380821784,0.768
526,Bai1,-0.263611599,0.833
527,A030012M09Rik,-0.282789701,0.8220000000000001
528,Adcy2,-0.325539348,0.7979999999999999
529,Abcc8,-0.512513651,0.701
530,Bace1,-0.284545873,0.821
531,Cbl,-0.531156057,0.6920000000000001
532,2610507B11Rik,-0.7784322109999999,0.583
533,Psmd11,-0.364013496,0.777
534,3110001I20Rik,-0.40545145,0.755
535,Ccnh,-0.236163541,0.8490000000000001
536,Acbd3,-0.40927823,0.753
537,Pltp,-0.224317298,0.856
538,D3Ertd789e,-0.347398782,0.7859999999999999
539,9130404D08Rik,-0.533242384,0.691
540,2700067D09Rik,-0.268816758,0.83
541,Ap1gbp1,-0.612637459,0.654
542,D13Ertd332e,-0.592919225,0.6629999999999999
543,Itpr1,-0.209227962,0.865
544,Usp39,-0.204233052,0.868
545,Pcp4,-0.323732592,0.799
546,Fut8,-0.19759996,0.872
547,S100a11,-0.543719518,0.6859999999999999
548,Inppl1,-0.277533976,0.825
549,Brpf1,-0.37894449700000005,0.769
550,Sepw1,-0.16165326300000002,0.894
551,11-Sep,-0.330973234,0.795
552,Nr2f6,-0.57132159,0.6729999999999999
553,Riok3,-0.187707155,0.878
554,AA407659,-0.311148256,0.8059999999999999
555,Zfp598,-0.181149439,0.882
556,LOC385049,-0.53951953,0.688
557,Fos,-0.343732465,0.7879999999999999
558,4931406I20Rik,0.166072676,1.122
559,Cdc42,0.271425676,1.207
560,Morf4l2,0.209141398,1.156
561,Ppp2r1a,0.150559677,1.11
562,Rrm1,0.154453593,1.113
563,Ela3b,0.255802837,1.194
564,Dhx15,0.275007047,1.21
565,Usp14,0.26543689600000003,1.202
566,Cdkn2d,0.190298792,1.141
567,Slc25a3,0.16735792800000002,1.123
568,Rcbtb2,0.259423152,1.197
569,Pafah1b3,0.282143229,1.216
570,Acta2,0.32308179,1.251
571,Rnd3,0.311503115,1.2409999999999999
572,Bub3,0.133563526,1.097
573,Commd4,0.26543689600000003,1.202
574,Cabc1,0.272620455,1.208
575,Uck2,0.40599236,1.325
576,Tgfb3,0.46988597600000004,1.385
577,Sfxn1,0.589763487,1.505
578,Apoc1,0.337996464,1.264
579,Cplx1,0.200378798,1.149
580,Ssr1,1.328262029,2.511
581,MGI:2180715,0.22650853,1.17
582,Cidea,0.432959407,1.35
583,Zfp535,0.384049807,1.305
584,Ltbp2,0.45206823,1.368
585,Rag2,0.392866916,1.3130000000000002
586,Cdyl,0.504874589,1.419
587,Kcne4,0.15574923300000001,1.114
588,Mkrn3,0.309176187,1.239
589,Bhlhb5,0.26423615100000003,1.2009999999999998
590,Nes,0.37851162299999996,1.3
591,Tnfaip6,0.326537348,1.254
592,Stx7,0.159629186,1.117
593,Col8a1,0.284514133,1.218
594,Fusip1,0.339137385,1.265
595,Glt28d1,0.25096157399999997,1.19
596,S100a13,0.28688114800000003,1.22
597,Cops7b,0.190298792,1.141
598,B3galt3,0.21038886399999998,1.157
599,Acsl4,0.40816837100000003,1.327
600,2310038H17Rik,0.535057595,1.449
601,Mab21l2,0.48026512200000004,1.395
602,2610018G03Rik,0.19156265100000003,1.1420000000000001
603,Praf1,0.21038886399999998,1.157
604,Rab14,0.269033146,1.205
605,Nfyb,0.22527493,1.169
606,Asb13,0.282143229,1.216
607,St6galnac5,0.23511432,1.177
608,Atp6v1c1,0.19156265100000003,1.1420000000000001
609,Rp2h,0.324234562,1.252
610,Slc25a36,0.197865391,1.147
611,Spock1,0.610700062,1.527
612,Depdc6,0.172487516,1.127
613,Slc35a5,0.24610401,1.186
614,Igbp1,0.63505783,1.5530000000000002
615,Xbp1,0.20163386100000003,1.15
616,Lor,0.22650853,1.17
617,LOC434585,0.32308179,1.251
618,Tce4,0.19408705199999998,1.1440000000000001
619,Sprrl7,0.438292852,1.355
620,Sprrl2,0.22404027399999998,1.168
621,Otof,0.19156265100000003,1.1420000000000001
622,Cenpc1,0.2880632,1.2209999999999999
623,Tcl1b3,0.424384672,1.3419999999999999
624,Gbe1,0.240008965,1.181
625,Sim1,0.36513259299999995,1.288
626,2310069N01Rik,0.605020153,1.521
627,Sgpp1,0.217851097,1.163
628,Qscn6,0.231432408,1.1740000000000002
629,Eln,0.429749851,1.347
630,Wnt7b,0.145351386,1.1059999999999999
631,Slc25a15,0.273814245,1.209
632,Btbd14b,0.319617934,1.248
633,Itga4,0.16864203600000002,1.124
634,Esr1,0.140124224,1.102
635,Bmp5,0.311503115,1.2409999999999999
636,Atp7b,0.166072676,1.122
637,Mcp,0.44572670299999995,1.3619999999999999
638,Il20,0.38625914100000003,1.307
639,H2afy2,0.304511042,1.235
640,Klk13,0.381837084,1.3030000000000002
641,Dll4,0.215367972,1.161
642,Rab24,0.328836464,1.256
643,Epha4,0.145351386,1.1059999999999999
644,Eif4e2,0.19156265100000003,1.1420000000000001
645,Igfbp4,0.18523225399999999,1.137
646,Foxh1,0.25338423600000004,1.192
647,V1rb4,0.280956314,1.215
648,Magee1,0.214124805,1.16
649,C030018L16Rik,0.32998465,1.2570000000000001
650,Mapre1,0.186500558,1.138
651,Myt1,0.30334239399999996,1.234
652,H2-Ea,0.502839758,1.4169999999999998
653,Wdr1,0.11769504300000001,1.085
654,Lip1,0.221567789,1.166
655,Pspc1,0.358396262,1.2819999999999998
656,Etv4,0.342554745,1.268
657,Src,0.500802053,1.415
658,Mpp1,0.125651102,1.091
659,Col11a2,0.436161839,1.3530000000000002
660,Synpr,0.575312331,1.49
661,Dab2,0.3068455,1.237
662,2400003C14Rik,0.26543689600000003,1.202
663,Wdr26,0.285698126,1.219
664,Cd99l2,0.186500558,1.138
665,2310044P18Rik,0.254594043,1.193
666,Icam1,0.146655222,1.107
667,Seh1l,0.242450074,1.183
668,Homer2,0.40599236,1.325
669,Spon1,0.40599236,1.325
670,Doc2a,0.178873958,1.1320000000000001
671,Cgref1,0.381837084,1.3030000000000002
672,Brca1,0.146655222,1.107
673,Creb3l3,0.211635253,1.158
674,4921511K06Rik,0.16735792800000002,1.123
675,Eps15l1,0.46048047,1.376
676,Cald1,0.162210036,1.119
677,Ndfip1,0.17632277300000002,1.13
678,Tpm2,0.35501626399999997,1.2790000000000001
679,Oact2,0.32998465,1.2570000000000001
680,Kcnj6,0.304511042,1.235
681,Wrn,0.199122642,1.148
682,Shmt1,0.26423615100000003,1.2009999999999998
683,Wsb1,0.342554745,1.268
684,Rgs11,0.35952117,1.2830000000000001
685,Cd8a,0.19156265100000003,1.1420000000000001
686,BC018371,0.25096157399999997,1.19
687,Mark1,0.205392513,1.153
688,D19Wsu162e,0.261831659,1.199
689,Rest,0.16735792800000002,1.123
690,Nol6,0.20163386100000003,1.15
691,Ivns1abp,0.285698126,1.219
692,BC014805,0.129612738,1.094
693,Cacnb1,0.423309237,1.341
694,Nek6,0.5607149539999999,1.475
695,Egln3,0.324234562,1.252
696,Loh11cr2a,0.423309237,1.341
697,B4galt7,0.236339539,1.178
698,Kcnmb2,0.222804561,1.167
699,Rasa1,0.133563526,1.097
700,Kifc2,0.266636643,1.203
701,Atf2,0.32998465,1.2570000000000001
702,Tomm70a,0.166072676,1.122
703,AI316828,0.214124805,1.16
704,Parp12,0.313826296,1.2429999999999999
705,Nova1,0.171206827,1.126
706,Mapre3,0.327687364,1.255
707,AI790298,0.304511042,1.235
708,E030025D05Rik,0.422233001,1.34
709,Recql5,0.17504548600000003,1.129
710,Robo1,0.5518851029999999,1.466
711,Vangl1,0.29042440399999997,1.2229999999999999
712,Col12a1,0.318461465,1.247
713,Napb,0.189033824,1.14
714,BC007180,0.297484916,1.229
715,Hmmr,0.243669081,1.1840000000000002
716,Sema3e,0.206643224,1.1540000000000001
717,Sox6,0.19660704399999998,1.146
718,Pom121,0.186500558,1.138
719,Tm7sf3,0.22650853,1.17
720,Sfrs1,0.173767068,1.128
721,Ebf3,0.38625914100000003,1.307
722,Atg7l,0.27857955,1.213
723,Sms,0.342554745,1.268
724,Rpl21,0.25096157399999997,1.19
725,1110019C08Rik,0.32308179,1.251
726,Cebpz,0.18142064,1.1340000000000001
727,4933426K21Rik,0.35614381,1.28
728,Cyp4f16,0.404903122,1.324
729,Gusb,0.36289064299999996,1.286
730,Pitpnc1,0.177598929,1.131
731,Fbxo3,0.19408705199999998,1.1440000000000001
732,Tom1,0.22774107600000001,1.171
733,Gtf2i,0.291603558,1.224
734,Gns,0.25821739,1.196
735,Etnk1,0.297484916,1.229
736,Sox4,0.46675761600000004,1.382
737,Peg3,0.17504548600000003,1.129
738,Fbxo11,0.26543689600000003,1.202
739,Atpif1,0.318461465,1.247
740,Arf3,0.214124805,1.16
741,Mkrn1,0.22650853,1.17
742,Hmgn3,0.350497247,1.275
743,Ube1c,0.444667067,1.361
744,Pa2g4,0.232660757,1.175
745,Bcl2l11,0.282143229,1.216
746,Fcgr2b,0.562669826,1.4769999999999999
747,B230112C05Rik,0.46988597600000004,1.385
748,Ppp1r8,0.27857955,1.213
749,Egfl7,0.232660757,1.175
750,Mark2,0.47612242,1.391
751,Fen1,0.366252264,1.2890000000000001
752,Sdc3,0.41792000799999995,1.3359999999999999
753,Scyl1,0.220329955,1.165
754,Laptm4b,0.24610401,1.186
755,LOC545161,0.204140717,1.1520000000000001
756,Rnps1,0.22774107600000001,1.171
757,Zbed3,0.237563718,1.179
758,Aldh18a1,0.237563718,1.179
759,Trpm1,0.24610401,1.186
760,Bicd1,0.230203013,1.173
761,Armcx2,0.19282540399999998,1.143
762,Mtap4,0.222804561,1.167
763,6-Sep,0.20163386100000003,1.15
764,Psme3,0.216610069,1.162
765,Cryz,0.350497247,1.275
766,Sfrp1,0.254594043,1.193
767,Ptpn1,0.324234562,1.252
768,Edn3,0.172487516,1.127
769,Bcap37,0.230203013,1.173
770,Ppifs,0.301002256,1.232
771,Sprr2a,0.20288783300000002,1.151
772,Lin7b,0.35162832899999996,1.276
773,Arf4,0.242450074,1.183
774,Slc9a3r2,0.20288783300000002,1.151
775,Rpl37a,0.38956681200000004,1.31
776,LOC434427,0.22650853,1.17
777,Gpatc2,0.326537348,1.254
778,Evi2a,0.177598929,1.131
779,Tff1,0.230203013,1.173
780,Tfam,0.16735792800000002,1.123
781,Asl,0.503857533,1.4180000000000001
782,Rassf3,0.407080775,1.3259999999999998
783,Rras2,0.48954293600000004,1.4040000000000001
784,Bmi1,0.25338423600000004,1.192
785,Cxcl13,0.197865391,1.147
786,Tnfrsf11b,0.421155961,1.339
787,Hsd11b1,0.267835392,1.204
788,3110049J23Rik,0.289244285,1.222
789,Qpctl,0.308011315,1.238
790,Tigd5,0.521050737,1.435
791,Tm7sf1,0.454175893,1.37
792,Hat1,0.183962835,1.136
793,Capn12,0.15574923300000001,1.114
794,Rshl1,0.240008965,1.181
795,Atp6v1e2,0.195347598,1.145
796,Thbs2,0.259423152,1.197
797,Adam21,0.200378798,1.149
798,Saa3,0.215367972,1.161
799,Eif4a2,0.150559677,1.11
800,Lin7c,0.22650853,1.17
801,Ccdc16,0.320773477,1.249
802,Wdr39,0.22650853,1.17
803,Mapkbp1,0.195347598,1.145
804,2900024C23Rik,0.19156265100000003,1.1420000000000001
805,D14Ertd500e,0.38846509700000004,1.3090000000000002
806,Aacs,0.172487516,1.127
807,Calb2,0.324234562,1.252
808,Txndc1,0.260627908,1.198
809,Edem1,0.21038886399999998,1.157
810,Dusp18,0.231432408,1.1740000000000002
811,BC025546,0.312665174,1.242
812,Chodl,0.3068455,1.237
813,Mef2c,0.247319935,1.187
814,Scgn,0.126972856,1.092
815,Aph1a,0.33113192199999997,1.258
816,Arhgap6,0.487486349,1.402
817,LOC545847,0.204140717,1.1520000000000001
818,Cul4a,0.21038886399999998,1.157
819,A330103N21Rik,0.5518851029999999,1.466
820,Mtrr,0.82130204,1.767
821,2600005C20Rik,0.14795788099999999,1.1079999999999999
822,Gt(ROSA)26Sor,0.40053793,1.32
823,2810485I05Rik,0.341416524,1.2670000000000001
824,Tmepai,0.200378798,1.149
825,Arhgef5,0.45628048200000004,1.3719999999999999
826,Stk32b,0.319617934,1.248
827,Nrip2,0.353887836,1.278
828,Fbxo21,0.221567789,1.166
829,6330408A02Rik,0.370722275,1.2930000000000001
830,C230052I12Rik,0.523060062,1.4369999999999998
831,Ngfr,0.24610401,1.186
832,Lrrtm1,0.25338423600000004,1.192
833,Scpep1,0.432959407,1.35
834,Snx17,0.214124805,1.16
835,Fkbp1a,0.145351386,1.1059999999999999
836,Mrpl28,0.40599236,1.325
837,Sca10,0.32308179,1.251
838,Nnt,0.429749851,1.347
839,Aco1,0.339137385,1.265
840,Actl6a,0.219091058,1.1640000000000001
841,5230400G24Rik,0.18523225399999999,1.137
842,Grhl2,0.16349873199999998,1.12
843,2510002D24Rik,0.328836464,1.256
844,2810021G02Rik,0.280956314,1.215
845,E2f5,0.340277405,1.266
846,1810049H13Rik,0.145351386,1.1059999999999999
847,Smarca1,0.29042440399999997,1.2229999999999999
848,Plekhb2,0.154453593,1.113
849,Mrpl13,0.397255346,1.317
850,Egfr,0.37851162299999996,1.3
851,Hnrpk,0.247319935,1.187
852,2810013E07Rik,0.521050737,1.435
853,0610011L14Rik,-0.329,0.797
854,1810060J02Rik,-0.31,0.808
855,1810073N04Rik,-0.026,0.997
856,2010111I01Rik,-0.05,0.993
857,2610200G18Rik,-0.298,0.814
858,2810003C17Rik,0.467,1.406
859,3110001A13Rik,-0.498,0.709
860,4933439C20Rik,0.379,1.302
861,4933439F18Rik,-0.246,0.882
862,6430548M08Rik,-0.347,0.786
863,AW049765,-0.7,0.618
864,Acsl1,-0.014,1.024
865,Ap3m1,-0.415,0.753
866,Arhgap5,-0.366,0.779
867,Arl2bp,0.164,1.121
868,Arl6ip2,-0.417,0.754
869,Atp6v0b,0.18,1.133
870,Atp6v0c,0.201,1.15
871,B230208H17Rik,-0.245,0.844
872,Baiap2,-0.429,0.746
873,Bcar1,-0.465,0.725
874,C78339,0.194,1.144
875,Camk1d,-0.734,0.614
876,Col18a1,-0.559,0.679
877,Creg1,-0.344,0.788
878,D6Wsu116e,-0.34,0.79
879,Dap,-0.445,0.734
880,Dnpep,0.394,1.316
881,Dock9,-0.266,0.832
882,Eftud2,-0.215,0.862
883,Eif3s8,-0.196,0.874
884,F2r,0.88,1.858
885,Ggps1,-0.308,0.808
886,Hspb8,-0.503,0.71
887,Ibrdc3,-0.397,0.76
888,Id4,-0.407,0.754
889,Itgb5,-0.427,0.745
890,Kalrn,-0.037,1.049
891,Kcnd2,-0.459,0.728
892,Lasp1,0.285,1.219
893,Lman1,-0.408,0.755
894,Map3k7ip2,-0.299,0.813
895,Marcks,0.445,1.365
896,Mbd2,-0.443,0.738
897,Mus81,-0.399,0.759
898,Myh9,-0.285,0.821
899,Ndn,0.26,1.199
900,Nomo1,-0.252,0.841
901,Ppargc1a,-0.467,0.808
902,Qars,0.065,1.078
903,Ranbp5,-0.353,0.784
904,Sec61a1,-0.324,0.8
905,Sec63,0.002,1.018
906,Sfrs2,-0.028,0.999
907,Slc25a29,-0.751,0.599
908,Slc25a5,0.266,1.205
909,Spag5,-0.71,0.613
910,Stat2,-0.282,0.823
911,Stk17b,-0.432,0.742
912,Tmem19,-0.248,0.842
913,Tmsb10,0.353,1.28
914,Tpbg,0.455,1.374
915,Trim27,0.294,1.227
916,Trim62,-0.033,0.994
917,Twsg1,-0.713,0.614
918,Zdhhc14,-0.342,0.79
919,Zdhhc2,0.183,1.136
920,Zfp410,-0.097,0.962
921,Znrf1,-0.41,0.753
