,Gene name,Log2(Fold expression) (ATXN1[82Q] vs. WT),Fold Expression (ATXN1[82Q] vs. WT)
0,1110015O18Rik,-1.403244206,0.378077996
1,1500015O10Rik,-0.559809945,0.678391526
2,1700001L19Rik,-0.977747395,0.50777195
3,1810041L15Rik,-0.396886537,0.759495575
4,2010204K13Rik,-1.472390039,0.360384773
5,2310003H01Rik,-0.487530851,0.71324476
6,2310015B20Rik,0.922927587,1.895958764
7,2410004P03Rik,-0.882252067,0.542519889
8,2410124H12Rik,-1.86540103,0.274446904
9,2610203C20Rik,-0.457483315,0.728255544
10,2700070H01Rik,0.766933357,1.701648852
11,2900052N01Rik,-1.314989047,0.401928547
12,4930447C04Rik,-1.554338318,0.340484654
13,4930503E14Rik,-1.477634031,0.359077203
14,4930529M08Rik,-1.613330674,0.326842914
15,4930539E08Rik,-2.563679891,0.169143555
16,4932411E22Rik,-1.959898599,0.257046523
17,6030419C18Rik,-0.344790086,0.787422539
18,6330403K07Rik,-0.908864946,0.532603958
19,6430573F11Rik,0.34037564,1.266086207
20,9630028H03Rik,-1.297947654,0.406704355
21,A330050F15Rik,-0.318850018,0.801708671
22,A330074K22Rik,-0.44160767,0.736313639
23,A730017C20Rik,-1.039234079,0.486585732
24,A730090H04Rik,-0.63431047,0.644248657
25,A830018L16Rik,-0.464745597,0.724598841
26,AI854517,-0.400636417,0.757524042
27,AK129341,-0.724201486,0.605331996
28,Ablim2,-0.313912348,0.804457245
29,Abr,-0.290668681,0.817523053
30,Acan,-0.809520869,0.570571318
31,Ace,-0.441852921,0.73618848
32,Acot5,-1.570275317,0.336744125
33,Adam23,-0.462276439,0.725840046
34,Adamts18,0.407551568,1.326432782
35,Adamts20,-0.581896644,0.6680849
36,Adamts3,-0.315956569,0.80331818
37,Adamtsl2,-0.76699538,0.587640046
38,Adcyap1,-1.886498211,0.270462745
39,Adprhl1,-1.540062529,0.34387055
40,Adra2b,-1.610644114,0.327452122
41,Adrb1,-0.852662686,0.553761751
42,Afap1l2,0.308994195,1.238843713
43,Agfg2,-0.41778494,0.748573073
44,Ajap1,-0.434048142,0.740181949
45,Ak4,0.403375663,1.322598951
46,Ak7,-0.906619957,0.533433392
47,Akap2,-0.406019593,0.754702735
48,Alk,-0.93264417,0.523897263
49,Amz1,-0.669418635,0.628760009
50,Ankrd33b,-0.500190046,0.70701364
51,Ankrd34c,-2.360928896,0.194665767
52,Anks1b,-0.448805295,0.732649308
53,Aqp1,-0.798154258,0.575084453
54,Arhgap20,-0.51428188,0.70014135
55,Arhgap31,-0.2748713,0.826524048
56,Arhgap32,-0.277444791,0.825051002
57,Arhgap36,-2.860693352,0.137671959
58,Arhgap5,-0.305224951,0.809316015
59,Arhgap6,-0.87591394,0.54490856
60,Arhgdig,-0.788586401,0.57891105
61,Arhgef33,-0.898035633,0.536616889
62,Arid5a,0.378650988,1.300125586
63,Armc3,-0.95583019,0.515544837
64,Arntl,0.308033111,1.238018704
65,Asah2,-0.434125465,0.740142279
66,Asb4,-1.491933988,0.35553562
67,Asic4,-2.710348699,0.1527931
68,Atf3,1.054977145,2.077685292
69,Atl2,-0.624443529,0.648669932
70,Atp2a3,-0.802359081,0.573410775
71,B230209E15Rik,-1.897352417,0.268435537
72,B3gat1,-0.409598961,0.752832616
73,B3gnt2,-0.473558942,0.720185799
74,B3gnt5,-0.42335578,0.745688098
75,Baiap2,-0.287082313,0.819557846
76,Baiap3,-3.822786415,0.070668622
77,Basp1,-1.261674748,0.417059536
78,Bcar1,-0.587433828,0.665525649
79,Bcl11b,-0.94161125,0.520651075
80,Bcl2,-0.353620214,0.782617777
81,Bcl6,0.700522655,1.62509342
82,Bdnf,0.365507694,1.288334923
83,Bean1,-0.646405611,0.638870039
84,Begain,-0.499570874,0.70731714
85,Bmf,0.375084074,1.296915131
86,Brpf3,0.311419261,1.240927871
87,C130021I20Rik,-1.743138544,0.298719113
88,C1ql4,#NUM!,0
89,C3,-0.981828758,0.5063375
90,Cacna1c,0.356607481,1.280411448
91,Cacna1g,-0.652486175,0.636183043
92,Cacna1h,-0.68403908,0.622420257
93,Cacna1i,0.401838957,1.321190917
94,Cacna2d2,-0.301994885,0.811130031
95,Cacnb2,-0.545705368,0.68505638
96,Calb1,-0.651535524,0.636602389
97,Calca,-1.671028407,0.314029412
98,Calcr,-1.398017706,0.379450156
99,Camk2a,-0.816483352,0.56782436
100,Camkv,-1.637934131,0.321316254
101,Car12,-0.449464936,0.732314397
102,Car4,0.403788423,1.322977406
103,Car8,-0.765611557,0.588203976
104,Cartpt,-3.997789426,0.062595839
105,Casp3,0.708872286,1.634525955
106,Cast,-0.467687833,0.723122598
107,Cbln2,-4.978429792,0.031720739
108,Cbln4,-2.119547065,0.230119147
109,Ccdc108,-1.416764659,0.374551328
110,Ccdc135,-0.906599188,0.533441071
111,Ccdc153,-0.98712173,0.504483248
112,Ccdc170,-1.620085102,0.325316273
113,Ccdc50,-0.324448241,0.798603754
114,Ccdc85a,-0.407625406,0.753863169
115,Cck,-1.096549033,0.467633752
116,Cckbr,-0.859216657,0.551251791
117,Ccl3,1.827442209,3.549072902
118,Ccnd1,0.372052103,1.294192393
119,Ccng2,0.286241449,1.219459165
120,Ccno,-1.271481078,0.414234299
121,Cd24a,-0.472185007,0.720871987
122,Cd55,-0.548424205,0.68376657
123,Cd68,0.82390712,1.770193561
124,Cd82,-0.341966547,0.788965135
125,Cdh13,-0.571254917,0.673031103
126,Cdh15,0.441834957,1.358330884
127,Cdh9,-0.987167995,0.504467071
128,Cdhr1,-3.060129688,0.119897237
129,Cdhr3,-0.999728353,0.500094155
130,Cdkl4,-1.025012953,0.491405887
131,Cdkn1a,0.372028291,1.294171033
132,Celf6,-0.61686365,0.652086994
133,Cemip,0.381187004,1.302412999
134,Cep72,-0.76541023,0.588286066
135,Cep76,-0.961613006,0.513482493
136,Chd5,-0.418529132,0.748187033
137,Chn1,-0.524143344,0.695371891
138,Chrdl1,-0.482750204,0.715612154
139,Chrm3,-1.208527607,0.432710008
140,Chrna4,-0.892487551,0.538684496
141,Chst15,0.303462559,1.234102786
142,Chst8,-0.656618924,0.634363239
143,Chsy3,-1.680702822,0.31193064
144,Ciart,-0.647277521,0.638484047
145,Cldn1,-1.085636298,0.471184407
146,Cldn11,-0.423819527,0.745448439
147,Cldn2,-0.751214828,0.59410308
148,Clic6,-0.938658341,0.521717835
149,Clmn,-0.727486625,0.603955172
150,Clstn2,-0.51100171,0.701735031
151,Cmip,-0.297876667,0.813448735
152,Cnih3,-0.810231948,0.570290163
153,Cnksr1,1.1866251,2.276196486
154,Cnksr3,0.357591881,1.281285414
155,Cnnm4,0.357234563,1.280968113
156,Cntn3,-0.393637987,0.761207675
157,Cntn6,0.295970039,1.227710187
158,Cntnap5a,-0.986796945,0.504596833
159,Cntnap5b,-0.877245556,0.544405839
160,Cobl,-1.26921032,0.414886805
161,Col11a1,-0.973782049,0.509169515
162,Col18a1,-0.951333562,0.517154207
163,Col25a1,-1.081598396,0.472505034
164,Col5a1,-1.213678917,0.431167721
165,Col8a1,-0.987187785,0.504460151
166,Colec10,#DIV/0!,#DIV/0!
167,Colq,1.004708055,2.006537411
168,Comp,0.495456771,1.40976703
169,Corin,-0.890770476,0.539326013
170,Cox6b2,-1.770383472,0.293130812
171,Cpeb1,-0.522147301,0.69633464
172,Cpm,-0.420553014,0.747138176
173,Cpne4,-0.99165645,0.502900032
174,Cpne5,-4.044952032,0.060582628
175,Cpne6,-1.086795189,0.470806065
176,Cpne7,-2.267880244,0.207634741
177,Cpne9,-0.428215463,0.743180492
178,Creb5,0.512289797,1.426312195
179,Creg1,-0.811427921,0.569817597
180,Creg2,-0.825967201,0.564103893
181,Crhbp,-3.402274042,0.094583082
182,Crhr2,-1.178153161,0.441916848
183,Crlf1,-0.940552651,0.521033251
184,Ctsl,-0.28577062,0.820303324
185,Cttnbp2,-0.349959333,0.784606214
186,Ctxn1,-0.952896594,0.51659422
187,Cyb561,-0.552063036,0.682044116
188,Cyp27a1,-0.662335846,0.631854442
189,Cyp51,-0.282125086,0.822378763
190,Cyth3,-0.450204823,0.731938925
191,D430019H16Rik,-0.911665876,0.531570933
192,D430036J16Rik,-0.842319696,0.557746053
193,D8Ertd82e,0.551955541,1.466071577
194,Dagla,-0.92636765,0.526181471
195,Dao,0.283470393,1.217119137
196,Dap,-1.131939557,0.456301861
197,Dbh,-2.435057408,0.18491608
198,Dbndd1,-0.454475944,0.729775213
199,Dbndd2,-0.269937515,0.829355466
200,Dbp,-0.383757749,0.766438667
201,Dcc,-0.856132523,0.552431495
202,Ddn,-1.234345949,0.425035147
203,Dgkh,-1.092689112,0.468886578
204,Dgkk,-4.334512597,0.049565751
205,Dgkz,-0.451143044,0.731463082
206,Dhcr24,-0.34089603,0.789550785
207,Dleu7,-1.396187654,0.379931792
208,Dlgap2,-1.178955004,0.441671301
209,Dlk1,-2.055489098,0.240567041
210,Dnah6,-0.540680529,0.687446559
211,Dner,-0.581392464,0.668318417
212,Doc2b,-1.018349901,0.493680682
213,Dock10,-0.309578942,0.806877216
214,Dock5,-0.382948028,0.766868955
215,Dok6,-0.785264637,0.580245511
216,Dpp10,-0.295263005,0.814923757
217,Drd2,-2.431583973,0.185361821
218,Dsg2,-1.256697344,0.418500907
219,Dtx4,0.310170017,1.239853804
220,Dusp5,0.363942642,1.286938081
221,Dusp8,0.282968736,1.216695992
222,Dysf,-0.749832797,0.594672474
223,Ebf2,-0.634204871,0.644295815
224,Efcab1,-1.207594939,0.432989835
225,Egr3,-1.688813034,0.31018202
226,Eif2s3x,-0.352519696,0.783215002
227,Elfn1,-1.609087112,0.327805709
228,Elfn2,-0.752073049,0.593749768
229,Eln,-0.533913746,0.690678516
230,En1,-0.767466222,0.587448293
231,Enc1,-1.09817911,0.467105679
232,Enkur,-0.815074848,0.568378998
233,Enpp2,-0.728328617,0.603602791
234,Entpd3,-0.754590888,0.592714441
235,Eomes,0.661419579,1.581638154
236,Epb4.1l4a,-0.795288622,0.576227883
237,Ephb2,0.347610802,1.272451618
238,Ephb6,-0.557489093,0.679483728
239,Epor,-0.940884698,0.520913345
240,Eps8l2,-0.505180802,0.704572073
241,Erbb3,-0.49831212,0.707934544
242,Erdr1,0.432133243,1.349227139
243,Erp29,-0.418623948,0.748137863
244,Espn,-0.950317819,0.517518443
245,Etl4,-0.374857235,0.771181723
246,Etnppl,-1.08659845,0.470870273
247,F2r,-0.454737749,0.729642794
248,F5,-1.000044669,0.499984519
249,Fa2h,-0.344740878,0.787449397
250,Fabp7,0.493872438,1.408219707
251,Fam107b,-1.114815242,0.461750285
252,Fam163b,-0.66428943,0.630999414
253,Fam167a,-0.682878747,0.62292106
254,Fam174b,-0.445586068,0.734285966
255,Fam19a1,-1.447634167,0.366622144
256,Fam19a2,-1.016056884,0.494465962
257,Fam19a3,-0.827616932,0.563459205
258,Fam21,-0.615259635,0.652812399
259,Fam212b,0.351691584,1.276055947
260,Fam216b,-1.071372565,0.47586605
261,Fam222a,-0.332314446,0.794261266
262,Fam46a,-0.633085435,0.64479594
263,Fam65b,-0.460260743,0.72685488
264,Fam69b,-0.30677241,0.808448394
265,Fbln7,-0.745659095,0.596395346
266,Fbxo32,-0.356914086,0.780832991
267,Fgd3,-0.496178293,0.708982394
268,Fgf11,-0.46720214,0.723366083
269,Fgf18,-0.899312419,0.536142193
270,Fgf7,-1.613618819,0.326777641
271,Fibcd1,-2.00545014,0.249057344
272,Fkbp5,-0.398760148,0.758509866
273,Fmo2,-0.823161776,0.565201901
274,Fnbp1l,-0.331981338,0.794444677
275,Folr1,-1.022780821,0.492166777
276,Fos,0.821688102,1.767472908
277,Fosl2,0.863933263,1.819993456
278,Foxb1,-1.648203231,0.319037247
279,Foxj1,-0.535311864,0.690009503
280,Foxo3,0.277327638,1.211947864
281,Foxp4,-0.384831183,0.765868612
282,Fras1,-0.594884666,0.662097383
283,Frmd6,0.723538751,1.651227326
284,Fst,1.460963694,2.752921924
285,Fstl1,-0.334132798,0.793260821
286,Gabbr1,-0.646100663,0.639005094
287,Gabbr2,-0.496864327,0.708645337
288,Gabra3,-0.481541775,0.716211816
289,Gabra5,-2.140679665,0.226772929
290,Gabrq,-4.873095392,0.034123386
291,Gal3st3,-0.318278366,0.802026401
292,Galnt14,-0.74953403,0.594795637
293,Galnt15,0.55723943,1.471450928
294,Galr1,1.158250298,2.231865825
295,Garnl3,-0.699976814,0.6155821
296,Gata3,-2.947430292,0.129638821
297,Gchfr,-2.464315799,0.181203685
298,Gcnt1,0.995703416,1.994052531
299,Gda,-3.225276673,0.10692887
300,Gdf11,-0.530444251,0.692341507
301,Gfap,0.357039621,1.280795035
302,Gfra1,-0.620705278,0.650352917
303,Glcci1,0.279621457,1.213876339
304,Glra1,-1.761615938,0.294917648
305,Glra2,-0.768571079,0.586998581
306,Glra3,-2.927193258,0.13147011
307,Gm14446,-1.367295999,0.387617067
308,Gm16532,-0.920194943,0.528437611
309,Gm5083,-0.756298096,0.592013469
310,Gm6644,-0.721602312,0.606423551
311,Gm973,-1.242183347,0.422732417
312,Gm9866,-0.742770059,0.59759084
313,Gng13,-1.286084192,0.410062525
314,Gng4,-1.770762384,0.293053834
315,Gpc5,-0.652766436,0.636059469
316,Gpr101,-0.868915038,0.547558481
317,Gpr158,0.339910366,1.265677956
318,Gpr165,-1.17646701,0.44243364
319,Gpr26,-1.261603941,0.417080006
320,Gpr63,-1.095362536,0.4680185
321,Gpr83,-1.143203016,0.452753276
322,Gprc5c,0.352760167,1.277001454
323,Gpx3,-1.333753028,0.396734832
324,Greb1,-0.789490527,0.578548364
325,Grem2,-1.031876916,0.48907346
326,Grid2,-0.488129656,0.712948783
327,Grid2ip,-1.090278019,0.469670856
328,Grik1,-0.6018017,0.658930541
329,Grip2,-0.477153109,0.718393843
330,Grm5,-1.135204957,0.455270234
331,Grp,-1.985972946,0.252442558
332,Gsn,-0.324425804,0.798616174
333,H2-D1,-0.399206699,0.758275125
334,Hap1,-0.431935071,0.741266865
335,Hcrtr2,-1.043478985,0.485156133
336,Hdc,-0.76363585,0.589010048
337,Hif3a,-1.177451857,0.442131719
338,Hist1h3i,#DIV/0!,#DIV/0!
339,Hmgcs1,-0.304702683,0.809609047
340,Hmgcs2,0.466451179,1.381706486
341,Homer3,-0.654075751,0.635482477
342,Hpcal1,-0.718806204,0.607600009
343,Hpcal4,-0.411042258,0.752079846
344,Hr,0.326736696,1.254173286
345,Hrh3,-1.08344977,0.471899069
346,Hrk,0.801557941,1.742982327
347,Hs3st1,0.350050083,1.274604874
348,Hs3st3b1,-1.085468078,0.471239351
349,Hs3st4,-2.016168185,0.247213908
350,Hspa12a,-0.37822057,0.769385971
351,Htr1a,-2.154064608,0.22467872
352,Htr2c,-1.823747635,0.282486214
353,Htr7,-1.526285572,0.347170057
354,Icmt,-0.651524183,0.636607393
355,Id2,-0.48815935,0.712934109
356,Ier3,-0.779532306,0.582555616
357,Ifrd1,0.299207742,1.230468515
358,Igdcc3,0.620446972,1.537351405
359,Igfbp5,-0.564989189,0.675960482
360,Igsf1,-0.766351262,0.587902467
361,Igsf21,0.359824811,1.283270058
362,Il16,0.28569503,1.218997384
363,Il1rap,-0.395138292,0.760416482
364,Iltifb,-0.53187132,0.691657003
365,Impg2,-1.014063808,0.495149536
366,Ing3,0.309455369,1.239239787
367,Inpp4a,-0.391810663,0.762172435
368,Inpp5a,-0.58773647,0.665386052
369,Insig1,-0.274638973,0.826657159
370,Insm1,-1.001353775,0.499531037
371,Ipo5,-0.347753772,0.78580662
372,Iqca,-0.996955489,0.501056261
373,Irs2,0.365399188,1.28823803
374,Itgb1bp1,-0.414825955,0.750109982
375,Itpka,-0.797615713,0.575299167
376,Jup,0.339048885,1.264922403
377,Kalrn,-0.742695949,0.597621539
378,Kank2,0.286829084,1.219955974
379,Kank4,-0.459357622,0.72731003
380,Kcna4,-0.656029138,0.634622626
381,Kcna6,-0.502756783,0.705756892
382,Kcnab1,-0.588346218,0.665104889
383,Kcnc2,-1.576890403,0.335203611
384,Kcnc3,-0.382301684,0.767212598
385,Kcne2,-0.901918987,0.535174401
386,Kcnf1,-1.411636697,0.375885014
387,Kcng4,-0.451661138,0.731200449
388,Kcnh5,-1.124591975,0.458631714
389,Kcnip1,-0.644709545,0.639621551
390,Kcnip2,-1.175395668,0.442762313
391,Kcnj4,-1.222694049,0.428481836
392,Kcnj8,0.630832933,1.548458731
393,Kcnk1,0.340017847,1.265772252
394,Kcnma1,-0.503408402,0.705438196
395,Kcnmb4,-0.406460137,0.754472312
396,Kcnq5,-0.920370172,0.528373431
397,Kcnt2,-1.035906149,0.487709457
398,Kctd12,-0.856846337,0.552158231
399,Kif17,-0.608420152,0.655914579
400,Kitl,-0.282710835,0.822044937
401,Kl,-0.847547823,0.555728517
402,Klf10,-0.401400314,0.757123045
403,Klhl1,-0.470735806,0.721596474
404,Klhl14,-1.557819097,0.33966416
405,Klhl4,-0.306644897,0.808519852
406,Krt1,-1.044884046,0.484683863
407,Ksr2,-0.425240136,0.744714764
408,Lamc2,0.935261798,1.912237608
409,Lancl1,-0.396822156,0.759529468
410,Lbp,-0.782149574,0.58149973
411,Ldb2,-1.409134094,0.376537617
412,Lhpp,-0.641672464,0.640969465
413,Lhx1os,-0.51420563,0.700178355
414,Lhx2,-3.019433341,0.123327519
415,Lhx5,-0.558746257,0.678891884
416,Lhx9,-2.141560465,0.226634521
417,Lmo3,-1.239707882,0.42345839
418,Lonrf1,-0.451843208,0.731108177
419,Lonrf3,-0.44253633,0.735839828
420,Lor,-1.389840966,0.381606866
421,Lrfn2,-1.54029913,0.34381416
422,Lrp8,-0.331382754,0.794774366
423,Lrrc6,-1.735162491,0.300375179
424,Lrrc7,-0.614987956,0.652935344
425,Lrrfip1,-0.392530774,0.761792097
426,Lrriq1,-1.238583463,0.423788557
427,Lrrtm4,-0.670310752,0.628371323
428,Lrtm2,-0.327460751,0.796937919
429,Ltbp2,0.370316322,1.29263622
430,Ly6h,-0.400050973,0.757831507
431,Lypd6b,-0.770460225,0.586230435
432,Maats1,-1.169723594,0.444506496
433,Magel2,-1.723329629,0.302848962
434,Mak,-1.134688604,0.455433208
435,Mal,-0.400752218,0.757463241
436,Mal2,-0.61989137,0.650719923
437,Man1a,-0.48728635,0.713365648
438,43891,-0.584597988,0.666835128
439,Mast4,-0.356416711,0.781102232
440,Mcf2,-0.667434626,0.629625281
441,Mdfi,-1.624250485,0.324378367
442,Mdga1,0.422385874,1.340141999
443,Mdga2,-0.322804566,0.799514129
444,Meis2,-1.748675275,0.297574895
445,Mertk,-0.560967502,0.677847432
446,Mfap1a,0.754842104,1.687446899
447,Mfap1b,0.758114643,1.691278966
448,Mfsd2a,-0.778680029,0.582899864
449,Mgp,-0.391115966,0.76253953
450,Miat,-1.323180171,0.399653001
451,Mlf1,-0.878821128,0.543811615
452,Mlph,-1.036114351,0.487639078
453,Mmd,-0.31055656,0.806330635
454,Mme,-0.995789605,0.501461343
455,Mmp12,4.416927065,21.36129291
456,Mmp14,0.533906373,1.447844208
457,Mn1,-1.330530663,0.397621959
458,Mobp,-0.343379196,0.788192979
459,Mog,-0.445994699,0.734078015
460,Moxd1,0.607494833,1.523611237
461,Mpeg1,0.356496573,1.280313019
462,Mpp3,0.278493459,1.212927617
463,Mpped1,-0.724623798,0.605154826
464,Mprip,-0.328263182,0.796494783
465,Mrap2,-0.575577433,0.671017626
466,Mrgpre,-0.591382371,0.663706648
467,Mroh7,-0.853041455,0.553616384
468,Mtss1,-0.297961461,0.813400926
469,Mustn1,1.492823206,2.814391842
470,Mxi1,0.367400348,1.290026184
471,Mycl,-0.696627179,0.617013013
472,Myo10,-0.428762879,0.742898553
473,Myo15,-0.736250246,0.600297579
474,Myo5b,-0.875582355,0.545033815
475,Myof,-0.58149396,0.668271401
476,Myrf,-0.378050561,0.769476642
477,Nbl1,0.31505272,1.244057114
478,Ndst4,-2.228513812,0.213378421
479,Necab1,-0.330075545,0.795494828
480,Necab2,-1.870355678,0.273505988
481,Nek2,-0.9711614,0.51009526
482,Nell1,-0.836514154,0.559994998
483,Neu2,-3.412355365,0.093924454
484,Neurod1,0.356178055,1.280030383
485,Nfil3,0.485801314,1.400363451
486,Ngb,-2.693899032,0.154545223
487,Ngef,-0.615980741,0.652486184
488,Nkain1,0.28007153,1.214255087
489,Nlrp10,-1.232992704,0.425434016
490,Nog,-0.870786793,0.546848538
491,Npr1,-0.569184993,0.673997436
492,Npr3,-0.779365222,0.582623088
493,Nptx2,-1.143799301,0.452566185
494,Npy,-0.549767105,0.683130398
495,Npy1r,-0.768271038,0.587120673
496,Npy5r,-2.053996264,0.240816097
497,Nr4a1,0.659423482,1.57945133
498,Nr4a2,1.433227863,2.700502461
499,Nr4a3,2.194953742,4.578749829
500,Nr6a1,-0.427768211,0.743410922
501,Nrgn,-2.63364647,0.16113631
502,Nrsn1,-0.315960068,0.803316231
503,Nrsn2,-0.368773662,0.774440517
504,Nrxn3,0.32125488,1.24941684
505,Nsg1,-0.460720188,0.72662344
506,Nsg2,-0.412866981,0.751129216
507,Ntf3,0.656459413,1.576209622
508,Ntng2,0.647587245,1.566546121
509,Nts,-2.405979109,0.188680978
510,Nuak1,0.371491921,1.293689971
511,Nup93,-0.34250597,0.788670197
512,Olfm2,-0.520085451,0.697330529
513,Olig1,-0.377906714,0.769553368
514,Olig2,-0.363411921,0.777324061
515,Opalin,-0.41661336,0.74918122
516,Opn3,-1.036742189,0.487426911
517,Oprk1,-0.85675039,0.552194954
518,Oprl1,-0.397146969,0.759358484
519,Osbpl3,0.365735645,1.288538501
520,Ostn,-1.83744953,0.279816021
521,Otoa,-1.496072354,0.354517229
522,Otof,-1.110802001,0.463036555
523,P4ha2,-0.785521067,0.580142386
524,Pak6,-1.60791685,0.328071722
525,Palm2,-0.485699513,0.714150719
526,Pam,-0.284178511,0.821209083
527,Pappa,0.735163616,1.664586239
528,Paqr7,-0.514829158,0.699875806
529,Pcdh11x,-0.877510144,0.544306005
530,Pcdh15,-0.467860792,0.723035911
531,Pcdh17,-0.40374157,0.755895355
532,Pcdh18,-0.790776282,0.578032982
533,Pcdh19,-0.629640104,0.646337631
534,Pcdh7,-0.473540203,0.720195154
535,Pcdh8,-1.242993122,0.422495206
536,Pcp2,-0.442661258,0.735776112
537,Pcp4,-0.880205448,0.543290058
538,Pcp4l1,-0.352645177,0.783146883
539,Pde10a,0.296348673,1.228032441
540,Pde1c,0.433860279,1.350843253
541,Pde5a,-0.476634603,0.718652081
542,Pde9a,-0.416054525,0.749471475
543,Pdgfra,-0.32655574,0.797438
544,Pdyn,-3.467203427,0.09042068
545,Peg10,-0.365007458,0.776464861
546,Per1,0.519758814,1.433715543
547,Per2,-0.847252879,0.555842141
548,Per3,-0.292666629,0.816391672
549,Pgr,-0.377181238,0.769940445
550,Phlda3,-0.434978238,0.739704912
551,Pik3c2b,-0.397622117,0.759108432
552,Pkp3,-0.569670769,0.673770529
553,Plcb3,-0.926042812,0.526299959
554,Plcl1,-0.407643583,0.753853671
555,Plekhd1,-0.4240422,0.745333391
556,Plekhd1os,-1.186723757,0.439299342
557,Plekhg5,-0.683741611,0.622548607
558,Plxdc1,-0.634762906,0.644046649
559,Plxdc2,-0.318104043,0.802123317
560,Pnma2,-0.455894626,0.729057938
561,Pogk,-0.352366424,0.783298215
562,Polr3k,-0.362160367,0.777998691
563,Pou3f1,-0.895561348,0.537538
564,Pou3f2,-0.390056245,0.763099854
565,Ppapdc2,-0.456186715,0.728910347
566,Ppm1d,0.290501159,1.223065068
567,Ppm1j,-0.964833108,0.512337676
568,Ppp1r16b,-0.764581614,0.588624046
569,Ppp1r17,-0.475704235,0.719115676
570,Ppp1r1b,-0.514327205,0.700119355
571,Ppp1r36,-1.002200668,0.499237888
572,Ppp4r4,-0.48308809,0.715444574
573,Prkar2b,-0.571788522,0.672782217
574,Prkcg,-0.406628962,0.754384029
575,Prkg2,-1.074625243,0.474794378
576,Prlr,-1.258209261,0.418062556
577,Prmt8,-0.380680347,0.768075296
578,Prps2,-0.33688145,0.791750923
579,Prss12,-1.477753376,0.3590475
580,Psd2,-0.408312999,0.753503961
581,Ptger2,-1.267549472,0.415364703
582,Ptgfrn,-0.335153857,0.792699594
583,Ptk2b,-1.323326474,0.399612475
584,Ptpn5,-0.481076774,0.716442698
585,Ptprm,-0.544194852,0.685774016
586,Ptpro,-0.523337482,0.695760421
587,Ptprr,-0.376092125,0.770521904
588,Rab27b,-0.485414813,0.714291663
589,Rab3d,-0.499801741,0.70720396
590,Rasal1,-0.460284317,0.726843003
591,Rasd2,-0.408404798,0.753456017
592,Rasgrf2,-2.104489582,0.23253349
593,Rasgrp2,-0.663736008,0.631241514
594,Rbm24,-0.523704955,0.695583225
595,Rdh11,-0.452734273,0.730656755
596,Rell1,0.350979764,1.275426502
597,Resp18,-1.157702436,0.448225789
598,Rgs10,-0.366356115,0.775739347
599,Rgs16,-0.737565849,0.599750413
600,Rgs22,-1.012403012,0.495719868
601,Rgs8,-0.990532427,0.503292001
602,Rgs9,-0.891635438,0.539002758
603,Rhbdl3,-0.588550714,0.66501062
604,Rhobtb2,-0.715199848,0.609120748
605,Rhou,-0.409618882,0.752822221
606,Rims3,0.346651668,1.271605947
607,Rmdn3,-0.682624273,0.623030945
608,Rnf122,0.606191732,1.52223567
609,Rnf19b,-0.51532835,0.699633682
610,Robo2,-0.410246237,0.752494928
611,Rsph1,-0.725291603,0.604874773
612,Rsph4a,-1.102183334,0.465811017
613,Rtel1,-0.620044643,0.650650794
614,Rtkn,-0.345850613,0.786843917
615,Rtn4rl1,0.310270692,1.239940327
616,Ryr1,-0.306451527,0.808628229
617,Ryr3,0.316288477,1.245123182
618,Samd8,-0.458910476,0.727535486
619,Sbk1,-0.796398088,0.575784921
620,Scd1,-0.283789851,0.821430345
621,Scn3a,-1.201471815,0.434831447
622,Scn3b,-1.152906344,0.44971835
623,Scn4b,-0.496320722,0.708912404
624,Scube3,-1.099477238,0.466685569
625,Sdc1,0.389667783,1.310091688
626,Sema3a,0.35094548,1.275396193
627,Sema3b,-0.620059224,0.650644218
628,Sema3c,-0.416118156,0.74943842
629,Sema7a,-0.311706392,0.805688243
630,Serpinb2,-0.746876463,0.595892311
631,Sertm1,-1.43764842,0.369168556
632,Sfrp2,-1.006881051,0.497620888
633,Sfrp5,-1.565924651,0.337761161
634,Sh2d3c,0.318151885,1.246732442
635,Shank2,-0.556390385,0.680001397
636,Shisa3,-1.590480453,0.332060851
637,Shisa6,-0.549749277,0.683138839
638,Shisa7,-0.476415655,0.718761154
639,Shox2,#NUM!,0
640,Shroom2,-0.561525098,0.677585497
641,Six3,#NUM!,0
642,Slc10a4,-2.124411001,0.229344625
643,Slc17a6,-1.653079297,0.317960775
644,Slc1a6,-0.374274344,0.771493366
645,Slc20a1,-0.49707533,0.708541701
646,Slc20a2,0.311110219,1.240662078
647,Slc24a4,-1.285019288,0.410365318
648,Slc27a2,-1.40433247,0.377792909
649,Slc2a1,-0.285084574,0.820693497
650,Slc35c1,-0.417285165,0.748832437
651,Slc35d3,-1.482290933,0.35792
652,Slc38a8,-1.438868615,0.368856454
653,Slc4a1,1.002146614,2.002978055
654,Slc4a2,-0.314570715,0.804090218
655,Slc4a5,-0.565272048,0.675827964
656,Slc5a7,-2.542216716,0.171678738
657,Slc6a11,-1.05672622,0.480721682
658,Slc6a2,-2.480055862,0.179237466
659,Slc6a6,-0.578156401,0.669819183
660,Slc7a3,-1.160198136,0.44745108
661,Slc9a3,-0.902175255,0.535079345
662,Slit1,-2.594387463,0.165581401
663,Slitrk6,-1.389312675,0.38174663
664,Smad6,-0.994645745,0.501859091
665,Sncg,-1.264595757,0.416215975
666,Sorcs2,-0.520905588,0.696934226
667,Sostdc1,-0.786387191,0.579794201
668,Spag5,-0.742575021,0.597671634
669,Spats2l,-0.550358399,0.682850471
670,Spns2,-0.724686182,0.605128659
671,Spon2,1.659579821,3.159244995
672,Spry4,0.529774749,1.44370377
673,Srl,-0.919393863,0.528731116
674,Sst,-2.144212521,0.226218289
675,Sstr1,-0.945035232,0.519416867
676,Sstr2,-1.343761944,0.393991949
677,St3gal1,-0.802933526,0.573182502
678,Stac,-0.925720333,0.526417614
679,Stc1,-1.157160402,0.448394224
680,Steap1,-1.240071644,0.423351632
681,Stk17b,-0.871073304,0.546739948
682,Stk32a,-0.320229288,0.800942574
683,Stk32b,-2.971247996,0.127516161
684,Stk33,-1.319446436,0.400688654
685,Stra6,-0.676465857,0.625696155
686,Strip2,-0.481775999,0.716095547
687,Strn3,-0.437654901,0.738333795
688,Stx1a,-0.612728239,0.653958849
689,Stxbp6,-0.503367707,0.705458095
690,Sulf2,-0.454170372,0.729929801
691,Svil,-0.494591474,0.709762632
692,Sycp1,-0.3657223,0.776080225
693,Synm,-0.403754175,0.755888751
694,Syt16,-0.621252632,0.650106223
695,Syt5,-0.768515627,0.587021144
696,Tac1,-3.228272327,0.10670707
697,Tacr1,-3.036417293,0.121884173
698,Tacr3,-3.807690759,0.071411946
699,Tal1,-1.369431428,0.387043754
700,Tanc2,-0.390132974,0.76305927
701,Tcf7l2,-2.221226527,0.214458956
702,Tef,-0.377802579,0.769608918
703,Tekt1,-0.784890677,0.580395936
704,Tekt5,-1.067083711,0.477282812
705,Tenm4,-0.342057146,0.788915591
706,Tesc,0.378826567,1.300283824
707,Tex261,-0.301648377,0.811324873
708,Th,-0.885458827,0.541315338
709,Thbs1,0.483841722,1.398462649
710,Thsd7b,-1.221575299,0.428814234
711,Thy1,-0.316693958,0.802907693
712,Timp2,-0.551126019,0.682487241
713,Tle3,0.381959478,1.303110548
714,Tlx3,0.628019143,1.545441606
715,Tmeff1,-0.331697572,0.794600953
716,Tmem123,-0.397538989,0.759152174
717,Tmem130,-0.379855141,0.768514752
718,Tmem132b,-0.501748408,0.706250355
719,Tmem158,-0.542609685,0.686527927
720,Tmem178,0.274959388,1.209960028
721,Tmem200b,-0.802475292,0.573364588
722,Tmem63c,0.370496384,1.292797563
723,Tmem64,-0.302220668,0.811003099
724,Tmem72,-1.294443234,0.407693473
725,Tmem91,-0.703729246,0.613983059
726,Tmprss11a,-1.888815416,0.270028686
727,Tmtc1,-0.720077639,0.607064772
728,Tnfrsf21,-0.301929259,0.811166929
729,Tox,-0.686682958,0.621280657
730,Tox2,-1.062863364,0.478681062
731,Tpbg,-0.886152773,0.541055025
732,Tpd52l1,-1.013327282,0.495402385
733,Tph2,-2.22020957,0.214610182
734,Tpm2,-0.494396191,0.709858712
735,Trabd2b,-1.358642649,0.389948999
736,Trhde,0.392519782,1.31268411
737,Trim16,-0.694318516,0.618001174
738,Trpc3,-0.681465079,0.623531747
739,Trpv4,-0.938954412,0.521610779
740,Tsc22d3,-0.389837058,0.763215799
741,Tshz2,-0.530375041,0.692374722
742,Tspan11,-1.293333297,0.408007253
743,Tspan14,-0.317710116,0.802342367
744,Tspan18,0.599926447,1.515639293
745,Tspan2,-0.403961315,0.75578023
746,Ttll5,-0.548000967,0.683967194
747,Tuba8,-0.57480846,0.671375381
748,Tusc3,-0.414451079,0.750304918
749,Uba5,0.362448848,1.28560625
750,Ugt8a,-0.37853105,0.769220411
751,Unc5d,-0.738424487,0.59939357
752,Vamp1,-0.314393836,0.804188809
753,Vimp,-0.526072643,0.6944426
754,Vip,-3.848997306,0.069396307
755,Vit,-1.003329828,0.4988473
756,Vstm2a,-0.478144974,0.717900111
757,Vstm2b,-0.597815716,0.660753599
758,Vstm2l,-0.360171827,0.779071786
759,Vstm5,-1.12500634,0.458500007
760,Vwa3a,-0.705452499,0.613250114
761,Vwa5b1,-1.255925986,0.418724725
762,Vwa7,0.440477286,1.357053206
763,Vwc2l,-2.174535155,0.221513241
764,Wdr16,-0.884844613,0.541545847
765,Wdr52,-0.90003898,0.535872253
766,Wdr63,-1.027393574,0.490595677
767,Wdr65,-1.141130192,0.453404246
768,Wdr78,-0.54181971,0.686903952
769,Wee1,-0.403462651,0.756041509
770,Wiz,-0.491524153,0.711273267
771,Wls,-0.28822777,0.8189074
772,Wnt3,-0.391689679,0.762236353
773,Wsb2,-0.318964966,0.801644796
774,Wscd2,0.35058589,1.275078341
775,Wwc2,-0.326566926,0.797431817
776,Xist,-1.659843121,0.31647356
777,Xkr7,0.47278119,1.387782221
778,Ywhah,-0.662875665,0.631618063
779,Zbtb16,-2.210481854,0.216062132
780,Zbtb21,0.321307645,1.249462536
781,Zbtb7c,-0.959001873,0.514412686
782,Zcchc12,-1.949501832,0.258905617
783,Zdbf2,-0.763848597,0.588923196
784,Zdhhc14,-0.53342846,0.690910882
785,Zfhx3,-1.514503502,0.350016903
786,Zfhx4,-0.656030371,0.634622083
787,Zfp185,-0.890244463,0.539522689
788,Zfp385c,-0.555901861,0.680231697
789,Zfp869,0.308458941,1.238384175
790,Zfp92,-1.726651484,0.302152444
791,Zkscan16,-0.494520071,0.709797761
792,Zmynd10,-0.816065705,0.567988764
793,Zscan22,0.386499231,1.307217526
