Gene name,Log2(Fold expression) (Atxn1-154Q vs. WT)_Lim,Fold Expression (Atxn1-154Q vs. WT)_Lim,Log2(Fold expression) (Atxn1-154Q vs. WT)_Orr,Fold Expression (Atxn1-154Q vs. WT)_Orr
Oprk1,-1.80663,0.285859211,,
St18,0.336231,1.262456102,,
Kcnb2,0.747733,1.6791595609999999,0.7414693090000001,1.6718776919999998
Tfap2d,-6.5002699999999995,0.011046448,,
Amer3,0.33518200000000004,1.2615340959999999,,
Il1r1,0.636918,1.555000966,,
Stat1,0.367786,1.290371502,,
Plcl1,-0.354956,0.781893335,,
Zdbf2,-0.5034529999999999,0.705414557,,
Vwc2l,-2.1103099999999997,0.23159756199999998,,
Asic4,-2.59758,0.16521516,,
Nyap2,0.5154310000000001,1.429421645,,
Mlph,-0.61059,0.6549296729999999,-0.945760767,0.519155716
Cntnap5b,-0.387782,0.7643018840000001,,
Serpinb2,1.77977,3.433715068,0.991473233,1.988214254
Serpinb8,0.763473,1.697572329,,
Cdh7,0.41121199999999997,1.329800179,,
Cntnap5a,-1.16665,0.445453959,,
Thsd7b,-1.39192,0.38105571899999996,,
Chil1,-0.757376,0.591571772,,
Phlda3,-0.845834,0.5563897870000001,,
Tnnt2,-2.05567,0.24053584600000003,,
Kcnt2,-1.2183700000000002,0.429768417,,
Brinp3,0.460143,1.375681282,0.452898609,1.368787612
Shcbp1l,-1.03783,0.487059832,-0.53724473,0.6890856740000001
Rgs8,-0.6154029999999999,0.652750234,-0.9036275429999999,0.534540979
Rgs16,-0.4809,0.7165315059999999,-0.445982679,0.7340841309999999
Ankrd45,-0.35687399999999997,0.7808548000000001,,
Myoc,-2.00829,0.24856768699999998,,
Creg1,-0.397293,0.759279872,-0.618406667,0.651389935
Ildr2,-0.685369,0.621846931,,
Rxrg,-0.9386450000000001,0.521722492,,
Kcnj10,-0.29884499999999997,0.812903589,,
Cnih3,-1.7903900000000001,0.289094109,,
Kcnh1,0.30430100000000004,1.234820274,,
Plxna2,0.350749,1.275225386,,
"A330023F24Rik,Mir29b-2,Mir29c",-0.712079,0.610442307,,
Sntg1,-0.5380119999999999,0.6887175659999999,,
Jph1,0.32971100000000003,1.256761014,,
Kcnq5,-1.24674,0.421400793,,
Fam135a,0.328214,1.255456624,,
Col19a1,0.605639,1.5216550690000001,,
Rnf149,0.849017,1.8012711190000001,,
Creg2,-0.773609,0.5849524460000001,,
Stk17b,-0.365763,0.776059438,-0.7339823259999999,0.60124199
"Cryga,D630023F18Rik",-1.24405,0.422187375,,
Lancl1,-0.297885,0.813442098,,
Igfbp5,-1.30186,0.405605683,-0.8168416559999999,0.567683354
Resp18,-1.4471100000000001,0.36675518,,
Mogat1,-3.44601,0.09175880300000001,,
Scg2,-0.7451800000000001,0.59659379,,
Serpine2,-0.330465,0.795280977,,
Dock10,-0.39578,0.760079153,,
Dner,-0.333764,0.793466205,-0.589643593,0.6645070479999999
Slc16a14,0.538775,1.452738836,,
Ecel1,-2.16604,0.22282100100000002,,
Ngef,-1.54789,0.342009596,,
Pam,-0.593256,0.662847847,,
Cdk18,-0.597812,0.6607553429999999,,
Optc,-1.0318100000000001,0.48909515600000003,,
Btg2,0.40222399999999997,1.32154397,,
Lgr6,0.41803999999999997,1.336114172,,
Lhx9,-3.6435400000000002,0.080017238,,
Cacna1e,0.319794,1.2481520959999999,,
Fam163a,-0.855476,0.552682994,,
Rgs4,-0.726238,0.604480305,,
Pcp4l1,-0.41132799999999997,0.751930958,,
Ifi203,1.29767,2.458310179,0.824408765,1.770809189
Mndal,1.9458400000000002,3.85263992,0.916844661,1.8879815430000002
Grem2,-1.80203,0.286770755,,
6330403A02Rik,-0.66488,0.6307411310000001,,
Ccdc121,-1.05666,0.480742293,,
Prox1,0.428349,1.3456982880000001,,
Ppp1r14c,0.386807,1.307495937,,
Oprm1,-3.2835,0.10269980699999999,,
Nmbr,-1.1279,0.45758075299999995,,
Map3k5,0.564355,1.478728381,,
Ahi1,-0.514367,0.7000990659999999,,
Cd24a,-0.611957,0.654308846,,
Gja1,-0.38911,0.7636000959999999,,
Pkib,0.487544,1.4020495130000001,,
Pcbd1,-0.639466,0.641950893,,
Slc1a6,-0.28886999999999996,0.818543085,-0.5711996220000001,0.6730568990000001
Matk,-0.48163599999999995,0.716165481,,
1500009L16Rik,-0.592731,0.66308648,,
Mgat4c,-0.8429760000000001,0.557493439,,
Slc6a15,0.388692,1.309202851,,
Kcnc2,-2.21347,0.215614907,,
Fam19a2,-1.9962400000000002,0.250652741,,
Ipcef1,0.47498599999999996,1.389904864,,
Cnksr3,0.331031,1.257907141,,
Ust,0.316159,1.245010935,,
Samd5,-0.608237,0.655997299,,
Slc35d3,-1.49895,0.353809945,,
Pde7b,-0.371594,0.7729282479999999,,
Tmem200a,-0.6207779999999999,0.6503186639999999,,
Tpd52l1,-0.805497,0.572164695,,
Nkain2,-0.527153,0.693922615,,
Clvs2,-0.545543,0.685133489,,
Marcks,0.740017,1.6701966659999998,,
Sobp,0.332453,1.259152048,,
Grik2,0.381973,1.30312307,,
Tet1,0.386094,1.3068513000000002,,
Susd2,-1.26616,0.415764805,,
Col18a1,-0.6185189999999999,0.651337238,-0.88169241,0.542730386
"Mir135a-2,Rmst",-0.756748,0.591829293,,
Tmtc2,0.351017,1.275459233,,
Trhde,0.5905560000000001,1.50582567,,
Nxph4,-0.460343,0.726814031,,
Nab2,-0.522662,0.6960879170000001,-0.929057817,0.525201224
Erbb3,-0.46575,0.724096979,,
Gal3st1,-0.678424,0.62484666,,
Zmat5,-0.45211999999999997,0.730967922,,
Vwc2,-0.988203,0.504104564,,
Vstm2a,-0.688228,0.620613066,,
Bcl11a,-0.533659,0.690800532,,
Nsg2,-0.880619,0.543134562,,
"Hba-a1,Hba-a2",-0.408602,0.7533532279999999,,
"Hba-a1,Hba-a2",-0.5343319999999999,0.690478866,,
Sh3pxd2b,-0.348414,0.785448005,,
Slit3,0.6186619999999999,1.535453608,,
Ccnjl,0.4346,1.351536148,,
Ebf1,0.34986999999999996,1.2744472359999999,,
P4ha2,-0.585769,0.666292539,,
Gpx3,-0.7589319999999999,0.59093288,,
Trpv2,0.405217,1.324288805,,
Kcnab3,-0.5617989999999999,0.67746034,,
Chd3os,-0.304902,0.809496087,,
Atp2a3,-0.326189,0.797640407,-0.717728658,0.6080539939999999
Camkk1,-0.47299399999999997,0.720467702,,
P2rx5,-1.06351,0.47846739299999996,,
"Mir22,Mir22hg",-0.8642540000000001,0.549328754,,
Slc6a4,-4.08671,0.058854555,,
Spag5,-0.757256,0.591620708,-0.838387507,0.559268311
Aldoc,-0.635602,0.643672447,-0.7753445179999999,0.584249088
Rhbdl3,-0.759476,0.5907109770000001,,
Fam117a,-0.611708,0.654420947,-0.729411826,0.603149763
Hoxb8,-2.70733,0.153112938,,
Hoxb6,-3.424,0.09316941699999999,,
Hoxb5,-2.3656,0.19403614100000002,,
Hoxb3,-1.63066,0.322940751,,
Ppp1r1b,-0.391353,0.7624145590000001,-0.624956786,0.6484392
Tcap,-2.09065,0.234775044,-0.983591705,0.505719143
Rnd2,-0.450488,0.731795559,,
Asb16,-1.99153,0.251472046,,
Rprml,-1.68468,0.31107179,-0.8211159509999999,0.566003959
Crhr1,-0.569546,0.6738294340000001,-0.7879215559999999,0.579177894
Tanc2,-0.392836,0.76163119,,
Kcnh6,-0.7498100000000001,0.594682079,,
Kcnj16,-0.335821,0.792337642,,
Kcnj2,-1.06023,0.479552827,,
43352,-0.498933,0.707630752,,
Bahcc1,0.34447300000000003,1.2696863520000001,,
Ddc,-0.620252,0.6505561470000001,,
Cobl,-1.33875,0.39536368,,
Meis1,0.38822199999999996,1.3087798179999999,,
Ccdc85a,-0.518786,0.697958675,,
Rhbdf1,0.399305,1.318872617,,
Kcnip1,-0.596773,0.661229111,-0.5547116879999999,0.6807930959999999
Nipal4,-0.533445,0.690902296,,
Irgm1,0.47998,1.394727038,0.5132951579999999,1.427306485
Jade2,-0.338399,0.7909164959999999,,
Slc36a2,-1.37867,0.38457366,,
Glra1,-1.7148,0.304644664,,
Hs3st3b1,-1.26515,0.416055503,,
Shisa6,-0.313527,0.804672032,,
Efnb3,-0.441543,0.736347066,,
Polr2a,0.46699700000000005,1.3822287919999998,,
"Fgf11,Tmem102",-0.48020799999999997,0.716871013,,
6330403K07Rik,-1.48363,0.357587384,,
Pitpnm3,-0.34328600000000004,0.7882430979999999,,
Spns2,-0.5354140000000001,0.689959526,-0.414353628,0.7503556020000001
Aspa,-0.405481,0.754983713,,
Abr,-0.36321,0.7774321759999999,,
Wsb1,0.371668,1.293847595,0.403455392,1.322672045
Nog,-0.7112390000000001,0.610795045,-0.631565015,0.645475832
"4932411E22Rik,Ankfn1",-1.00371,0.498714375,,
Hlf,-0.5121600000000001,0.701171863,,
Nxph3,-0.710661,0.6110404229999999,-0.8589047479999999,0.551370984
E130012A19Rik,-0.795127,0.576293324,,
Plxdc1,-0.509675,0.702380133,-0.800700587,0.574070336
Stac2,-0.8925069999999999,0.538677733,,
Hap1,-0.7848890000000001,0.580394956,,
Vat1,-0.47769799999999996,0.7181213409999999,,
Gfap,-0.373446,0.77193657,,
Pitpnc1,-0.370684,0.773415305,,
Cacng4,0.395946,1.315812079,,
Ush1g,-1.01977,0.493195559,-0.877789714,0.544200537
Unc13d,-1.2755,0.41307991299999997,-1.103212837,0.465478734
Evpl,-0.8943780000000001,0.537978906,,
"Foxj1,Rnf157",-0.385758,0.765375742,,
Socs3,0.8054560000000001,1.747699928,,
Timp2,-0.908004,0.532921705,,
Cbx8,0.615459,1.532047383,0.479756995,1.3945087580000002
Cbx4,0.557906,1.4721267569999998,0.57291464,1.4875257480000001
Tbc1d16,0.43215200000000004,1.3492411380000002,,
Notum,-0.644791,0.639585388,,
Ntsr2,-0.391533,0.762319663,,
Hpcal1,-0.493187,0.7104557779999999,-0.808635297,0.57092166
Pxdn,-0.47151499999999996,0.721205645,,
Sstr1,-1.43992,0.368587025,,
Lrfn5,-0.606376,0.656844354,,
Galnt16,-0.5294989999999999,0.692796408,,
Plekhd1,-0.30898200000000003,0.80721301,-0.6202979120000001,0.65053658
Rgs6,-0.40744,0.75396027,,
Fos,0.5251020000000001,1.439041483,,
Tmem63c,0.30582,1.236119131,,
Kcnk13,-0.483284,0.715345137,-0.377471689,0.769785452
Slc24a4,-1.1912399999999999,0.437924387,,
Serpina3n,-1.00614,0.497875174,,
D430019H16Rik,-1.6297,0.323156115,,
Hhipl1,-0.9364100000000001,0.522530773,,
Cyp46a1,-0.391351,0.7624133959999999,,
Dlk1,-2.29755,0.203408804,,
A230065H16Rik,-2.8724,0.136559346,,
Adssl1,-0.398242,0.758785202,,
Vipr2,-0.5500010000000001,0.6830196820000001,,
Rapgef5,-0.383807,0.766412732,,
Tmem196,-0.532402,0.691403329,,
Kcns3,-0.956384,0.515346544,,
Kcnf1,-0.979509,0.507153005,,
1700030C10Rik,-1.57889,0.334738563,,
2410018L13Rik,-0.716577,0.6085384,,
Cys1,-0.654562,0.6352673839999999,,
Rsad2,0.9201809999999999,1.892348485,,
Gm9866,-0.8311139999999999,0.562095563,,
Prkar2b,-0.556337,0.680027023,,
Stxbp6,-1.14086,0.453488121,,
4930447C04Rik,-1.0111700000000001,0.49614546,0.676913905,1.5987162519999998
Kcnh5,-2.31486,0.200982498,,
Plekhd1os,-1.0920100000000001,0.46910692200000004,-1.461077409,0.36322177299999997
Slc8a3,0.394794,1.3147631229999999,,
Ltbp2,0.350561,1.275058393,,
Tgfb3,0.524748,1.43868347,,
Ngb,-2.9856599999999998,0.126248263,,
Prima1,-0.628999,0.646626523,,
Serpina9,-0.811441,0.569811657,,
Clmn,-0.403712,0.7559131459999999,,
Bcl11b,-1.7875400000000001,0.289667145,,
Slc25a29,-0.624208,0.648775212,-0.700646882,0.615296255
Begain,-0.809567,0.5705552770000001,,
Tmem179,-1.06836,0.476862456,,
Dnah11,-0.896381,0.537232177,,
Gng4,-0.659709,0.6330071270000001,,
Sfrp4,0.9817229999999999,1.9748176780000002,0.72144655,1.648834446
Fam65b,-0.49850200000000006,0.7078414759999999,,
D130043K22Rik,-0.546764,0.684551558,,
Gm5083,-0.859591,0.551109838,-1.0991573209999999,0.466789068
Id4,-0.44725699999999996,0.7334368379999999,-0.5140803589999999,0.700239155
Hrh2,-0.9341430000000001,0.523353076,-0.83802625,0.559408372
1700001L19Rik,-1.2954299999999999,0.407414695,,
Irx2,-0.5866319999999999,0.665895586,,
Tppp,-0.316915,0.802785176,,
Mctp1,0.32311799999999996,1.251032615,,
"C130071C03Rik,Mir9-2",0.376688,1.298360586,,
Edil3,-0.33168200000000003,0.7946092359999999,,
Hapln1,-0.733842,0.6013016870000001,,
Lhfpl2,0.468762,1.383918646,0.356121154,1.279979899
Enc1,-2.25675,0.20924208600000002,,
Htr1a,-3.70526,0.07666661400000001,,
Chrm3,-1.73615,0.300170095,,
Ryr2,0.36917,1.2916065509999999,,
"Prl2c3,Prl2c4",-1.29568,0.407342053,,
Nrsn1,-0.742512,0.597697795,,
Sox4,0.4403,1.3568852669999998,0.506108566,1.4202142290000002
E2f3,0.365563,1.288382858,,
Serpinb1a,-0.41595699999999997,0.7495222159999999,,
Elovl2,0.36140900000000004,1.284676379,,
A330076C08Rik,-0.8033170000000001,0.573031262,,
Shc3,-0.573701,0.6718936,,
Tifab,-0.829939,0.56255295,,
6720489N17Rik,-0.73423,0.601138093,,
Adcy2,-0.334385,0.793123505,,
Gm20554,-0.845651,0.556459438,,
Nkd2,-1.3154700000000001,0.401796087,,
Rasgrf2,-2.54759,0.171040735,,
F2r,-0.530836,0.6921540490000001,,
Sv2c,0.428781,1.346094705,,
Cartpt,-3.32139,0.10003688300000001,,
Map3k1,0.327409,1.2547575690000001,,
Synpr,1.02051,2.028636891,0.841029021,1.791327374
Arhgap22,-0.8975780000000001,0.5367883689999999,,
Rem2,0.502872,1.4170295069999999,,
Cpne6,-2.29691,0.203497542,,
Nynrin,-0.39417199999999997,0.760925472,,
Clu,-0.295968,0.8145259220000001,,
Pnma2,-0.8761709999999999,0.5448112270000001,,
Ebf2,-0.434684,0.739856828,,
Nefl,-0.413274,0.7509200359999999,,
Stc1,-1.9252599999999997,0.263294223,,
Egr3,-2.56355,0.169158872,,
Htr2a,-1.3596,0.389691135,,
Kctd4,-0.7505890000000001,0.594361202,,
Pcdh17,-0.315564,0.803537939,,
Gpc5,-0.9328,0.523840503,,
Ipo5,-0.310748,0.806224251,-0.474542123,0.719695168
Gm5087,1.41136,2.6598769730000003,0.79240021,1.731953516
Camk2g,-0.384467,0.766062841,,
Itih3,-0.43203800000000003,0.7412153840000001,,
Dnah1,-1.6661700000000002,0.315087838,,
Sncg,-1.22906,0.426595945,,
Cdhr1,-3.06492,0.1195,,
Slc35f4,-0.744531,0.59686277,0.60660479,1.5226715640000001
Slc7a8,0.320346,1.248629832,,
Dleu7,-0.803945,0.572777248,,
Pnoc,-0.8474010000000001,0.555786965,,
Ptk2b,-1.6274600000000001,0.323657273,,
Nefm,-0.44809099999999996,0.7330126859999999,,
Rhobtb2,-0.5866439999999999,0.665891064,-0.6507757160000001,0.63693775
Pdlim2,-0.745135,0.596610523,,
Dgkh,-0.563708,0.676560947,,
Lect1,-0.7935220000000001,0.57693433,-0.434734671,0.7398298059999999
Pcdh8,-0.8758610000000001,0.54493024,0.8132340309999999,1.757145954
Klhl1,-1.09591,0.467839079,,
Kctd12,-0.717863,0.607997106,-0.987823876,0.504237781
Pou4f1,-3.6544800000000004,0.079413306,,
Slitrk6,-2.1081,0.23195302899999998,,
Cdh9,-2.0420599999999998,0.242817213,,
Dap,-0.497276,0.70844337,-0.68906619,0.620255191
Matn2,-0.611584,0.654480343,,
Erich5,-2.155,0.224533166,,
Zfpm2,0.454879,1.3706629380000002,,
Trhr,-1.85658,0.27613012,,
Mal2,-1.2153399999999999,0.43067111,,
Khdrbs3,-0.408966,0.7531652390000001,,
Mchr1,-2.0793,0.23662967699999998,,
Tef,-0.324443,0.7986077309999999,,
1500009C09Rik,-0.44222100000000003,0.736001685,,
Mpped1,-1.34769,0.39292045600000003,,
Pnpla3,0.478736,1.393522554,,
"Mirlet7b,Mirlet7bhg,Mirlet7c-2",0.533763,1.4476937369999998,,
Pdzrn4,-0.782485,0.581364116,,
9430014N10Rik,-1.68471,0.31106401,,
Ccdc184,-0.517616,0.69852613,,
Prph,-2.53016,0.173119728,,
"Aqp5,Aqp6",-0.38798,0.764198721,,
Gpd1,0.291538,1.2239445759999998,-0.279629647,0.823802468
Hoxc4,-2.58909,0.16619030099999998,,
Pde1b,-0.422864,0.745943037,,
Rxfp3,-2.51962,0.17438817899999998,,
Pdzd2,-0.43968900000000005,0.737294935,,
Cdh6,-0.739622,0.598898836,,
Basp1,-1.46554,0.36210004700000004,,
Ncald,0.366254,1.289002409,,
Angpt1,0.5252640000000001,1.439197992,0.603381756,1.519273656
Tnfrsf11b,0.607216,1.5233155,,
Sntb1,-0.8869040000000001,0.5407721529999999,,
Lrrc6,-1.72617,0.302254266,,
St3gal1,-1.07416,0.47494852200000004,,
"Mir30b,Mir30d",-3.52645,0.086782536,,
Mroh5,-0.707527,0.612368975,-0.6910851140000001,0.619387806
Ly6h,-0.767039,0.5876227070000001,,
Mafa,-2.04156,0.242900797,,
Sstr3,0.40334000000000003,1.3225673740000001,,
Elfn2,-0.8401879999999999,0.5585714979999999,,
Sox10,-0.344656,0.78748988,,
Kcnj4,-1.5901100000000001,0.33214684,,
1810041L15Rik,-0.735429,0.600638476,,
Prickle1,-0.377231,0.769915115,,
Ddn,-3.21126,0.10797263800000001,,
C1ql4,-4.09189,0.058643362000000004,,
Faim2,-0.293466,0.8159369870000001,,
Rmi2,-0.915307,0.53023065,-0.689012805,0.620278143
Shisa9,-0.473842,0.7200448909999999,,
Efcab1,-1.0258399999999999,0.491123288,,
Ephb3,-0.620002,0.650672344,,
Il1rap,-0.399339,0.75820553,,
Ostn,-1.9318099999999998,0.262099701,-1.1182126270000001,0.460664195
Bdh1,0.305183,1.2355741759999999,,
Sema5b,-0.6756840000000001,0.626032434,,
Cblb,0.42435,1.3419667990000002,,
Cmss1,-0.600649,0.659456962,,
Vgll3,-1.63361,0.322281892,,
Olig1,-0.297191,0.813835058,,
Pcp4,-0.642315,0.640685052,,
Srl,-0.617498,0.651799554,-0.667228395,0.629715291
Nmral1,-0.524519,0.6951899990000001,,
Tekt5,-1.90042,0.267865335,,
Sst,-3.35166,0.097959949,,
Mb21d2,0.45114,1.367116652,,
Kalrn,-0.569937,0.673646938,,
Parp14,0.540427,1.454403926,,
Bbx,0.300209,1.231322656,,
Epha3,0.401794,1.321147512,,
Robo2,-0.586427,0.665990344,,
Prr18,-0.5101220000000001,0.702161626,,
Lix1,-0.781734,0.581667749,,
Has1,-0.568803,0.674175567,,
Gng13,-0.8263790000000001,0.5639423929999999,-0.8762337240000001,0.544787791
Neurl1b,-1.11784,0.460782838,,
Brpf3,0.388784,1.30928912,,
Cdkn1a,0.397812,1.317510122,,
Pi16,-1.04023,0.48624889200000004,,
Pde9a,-0.310772,0.806209495,-0.513091316,0.7007193709999999
Clic1,0.399979,1.3194885859999999,,
Rnf39,0.7565569999999999,1.689454851,,
Gabbr1,-0.352979,0.7829661240000001,-0.370819626,0.773343019
Tnfrsf21,-0.48441000000000006,0.714786302,,
Rcan2,-0.5133310000000001,0.70060286,,
Trerf1,-0.5811609999999999,0.668427642,,
Lrfn2,-2.35558,0.195389017,,
St6gal2,-0.7528739999999999,0.593421152,,
Tmem200c,-0.580654,0.6686588170000001,,
Clip4,-0.386967,0.764738299,,
Qpct,-0.800184,0.574275057,,
Arhgef33,-0.49535799999999997,0.7093849609999999,-0.8567528,0.5521940320000001
Foxn2,0.297138,1.2287028709999999,,
"Tmem181b-ps,Tmem181c-ps",0.303386,1.234035236,,
Dact2,-0.537071,0.6891686370000001,,
Baiap3,-3.57418,0.083958726,,
Cacna1h,-1.39838,0.379355121,,
Nhlrc4,0.8376969999999999,1.787187698,,
Arhgdig,-1.40047,0.37880545200000004,,
Grm4,-0.651105,0.6367922429999999,-1.0068864020000001,0.497619042
4930539E08Rik,-3.5539400000000003,0.08514451199999999,,
Cpne5,-4.1194,0.057535689,,
Sik1,-0.573391,0.6720372490000001,,
Mog,-0.500135,0.7070413390000001,,
Mdfi,-1.54132,0.343570871,-1.674441091,0.313287456
Daam2,-0.6156229999999999,0.652646488,,
Satb1,0.348229,1.272999458,,
Slc5a7,-2.2805299999999997,0.20582189,,
Stap2,-0.841931,0.557896937,-0.887488675,0.5405542520000001
Ptprm,-0.392885,0.761606806,-0.493870385,0.710117475
Alk,-1.7074900000000002,0.306191673,,
Galnt14,-1.0840299999999998,0.471709141,,
Atl2,-0.514929,0.69982649,-0.666989195,0.629819707
Six3os1,-7.62737,0.005057479,,
Cables1,-0.374623,0.7713072209999999,-0.551594978,0.6822654290000001
Impact,-0.367703,0.775015485,,
Psd2,-0.344087,0.787806593,-0.5137797239999999,0.70038509
Arhgap26,-0.368859,0.7743941409999999,-0.559897431,0.67835039
Kctd16,-1.00007,0.49997409600000003,,
A730017C20Rik,-1.0843399999999999,0.471606299,,
Chsy3,-1.50686,0.35187640299999995,,
Camk2a,-0.98972,0.503576229,,
Htr4,-2.25559,0.209411387,,
Grp,-2.7113099999999997,0.152691634,,
Tcf4,0.29940100000000003,1.230633878,,
Zbtb7c,-1.7491900000000002,0.297468524,,
Pard6g,0.39971799999999996,1.319250507,,
Mbp,-0.46191400000000005,0.726020993,,
Neto1,-1.07778,0.473758465,,
Cbln2,-4.29298,0.051013595,,
Zfp521,0.36351700000000003,1.286555332,,
Dsc2,0.9108139999999999,1.8801050190000002,0.771293909,1.706799873
Gpr17,-0.397895,0.758964642,,
Epb4.1l4a,-0.765875,0.588096275,,
Fgf1,-0.379761,0.7685643409999999,,
Trim36,-0.47295299999999996,0.7204879890000001,,
Synpo,-0.800586,0.574116493,,
Slc6a7,-0.907408,0.5331436420000001,,
Ablim3,0.408064,1.326902053,,
Cep76,-0.53168,0.6917496,-0.944403595,0.5196443270000001
Rab27b,-0.815344,0.5682723129999999,,
Dcc,-0.929132,0.525174268,,
Slc14a1,-0.375907,0.770621362,-0.512476232,0.701018182
Setbp1,0.287993,1.220939742,,
Sall3,-1.1865,0.439366618,,
Dok6,-0.690117,0.6198033079999999,,
Cdc42bpg,0.41000699999999995,1.32869514,,
Rasgrp2,-1.57168,0.336416062,,
Rcor2,-1.05566,0.481078499,,
Chrm1,-1.4893399999999999,0.356176575,,
Fads1,-0.326765,0.797321347,-0.35328214799999996,0.7828011890000001
Tmem2,0.324702,1.252405988,,
Il33,-0.686801,0.621230183,,
Ifit1,0.8893399999999999,1.8523331140000001,,
Dusp5,-0.733167,0.601581299,-1.103005435,0.46554565600000003
Adra2a,-0.48345699999999997,0.715260885,,
Tcf7l2,-3.24749,0.10529473800000001,,
Plcb3,-0.897853,0.536686463,-0.996441143,0.501234928
Fads2,-0.32461599999999996,0.798512455,,
Myrf,-0.39764299999999997,0.759096895,,
Dagla,-0.669547,0.628702571,-0.73299192,0.6016548829999999
Gcnt1,-1.56206,0.33866861,-0.7269616870000001,0.604174966
Rorb,-0.49297700000000005,0.710558666,,
Gda,-3.07527,0.118645476,,
Asah2,-0.761571,0.589852997,,
Htr7,-1.55397,0.340571191,,
Ppp1r3c,-0.34911,0.7850683070000001,,
Opalin,-0.9279870000000001,0.525591907,,
Slit1,-2.70109,0.153776785,,
Sfrp5,-2.42896,0.18569868,,
Crtac1,-1.41029,0.376238105,,
Scd1,-0.397572,0.7591348459999999,,
Kcnip2,-2.62465,0.162144751,,
Psd,-0.45567700000000005,0.7291663340000001,-0.39417788200000003,0.7609228640000001
Sorcs1,-0.363885,0.7770704209999999,,
5830416P10Rik,-1.6043399999999999,0.328884776,,
Gfra1,-1.42713,0.37187053700000006,,
Hspa12a,-0.320415,0.800841453,,
Fam107b,-0.687824,0.620790434,-1.21139463,0.43185095
Cacnb2,-0.4821,0.7159351190000001,,
Gpr158,0.37450700000000003,1.29639665,,
Nsmf,-0.323583,0.799084397,,
Nrarp,-0.545191,0.6853023220000001,,
Entpd2,-0.9675309999999999,0.5113808670000001,,
Rxra,-0.40680900000000003,0.754289943,,
Col5a1,-0.5126689999999999,0.700925687,-1.035882545,0.487717436
Ass1,-0.684233,0.622338442,0.442079293,1.358560952
Sh2d3c,0.35985500000000004,1.28329522,,
C130021I20Rik,-1.53909,0.344103967,,
Lhx2,-3.2551200000000002,0.104738975,,
Epc2,0.31440100000000004,1.24349377,,
Lypd6b,-1.88454,0.270830691,,
Mybpc3,-0.533885,0.69069201,-0.908320745,0.5328049
Chst1,-0.529245,0.692915707,,
Cd59a,-0.41611499999999996,0.749439613,,
Pax6,0.48320799999999997,1.397847258,,
Kcna4,-0.8557739999999999,0.5525681929999999,,
Pak6,-1.6585400000000001,0.316759625,0.680792398,1.603019969
Gchfr,-0.937132,0.522271658,-0.941074027,0.520844988
1700020I14Rik,0.39012800000000003,1.3105127429999999,,
Itpka,-0.415789,0.7496101359999999,-0.912350518,0.531318732
Fgf7,-0.5771649999999999,0.6702788789999999,-0.7476702709999999,0.595564526
Slc27a2,-0.9876959999999999,0.504282451,,
Fbln7,-0.525165,0.6948788840000001,-0.799511381,0.574543734
Slc20a1,-0.347656,0.785859361,-0.438347541,0.737979405
Lamp5,-1.2746899999999999,0.413313114,,
Pcsk2,-0.288853,0.818553579,,
Insm1,-1.18175,0.44081571399999997,,
Nnat,-0.6431279999999999,0.640322713,,
Vstm2l,-0.9881409999999999,0.504128755,,
Ppp1r16b,-0.550999,0.682547158,-0.816346363,0.56787828
Tox2,-1.43517,0.369801405,0.6242196,1.5413768190000001
Tshz2,-1.22896,0.42662417700000005,,
Fam217b,-0.386703,0.764875968,,
Oprl1,-0.806706,0.571686124,0.609395253,1.525619567
Camk1d,-0.45273100000000005,0.730662932,,
Proser2,0.566507,1.480936014,,
Gata3,-4.05169,0.060300476,,
Pfkfb3,-0.363716,0.777161575,,
C1ql3,-0.503998,0.7051529679999999,,
St8sia6,-0.797138,0.5754902470000001,,
4932418E24Rik,-0.740942,0.598348468,,
Ier5l,-1.0562200000000002,0.480892771,,
1700001O22Rik,-1.33235,0.39712255799999996,,
Fibcd1,-3.7305099999999998,0.075336454,,
Slc25a25,-0.320841,0.800602617,,
Garnl3,-0.295241,0.8149368,-0.640364575,0.641550806
Lmx1b,-1.98053,0.253396309,,
Lrp1b,0.510626,1.4246714930000002,0.641927779,1.560412845
Neb,-0.365827,0.776021541,,
Ermn,-0.461761,0.726098285,,
Scn7a,-1.37005,0.38688002,,
Chn1,-0.6121409999999999,0.6542242189999999,-0.333953965,0.793359158
Pde11a,-2.68362,0.15565025400000002,,
Pde1a,-0.525972,0.694490343,,
Lrrc55,-0.73268,0.601788026,,
Ptprj,0.359489,1.282969194,,
"Mir129-2,Mir670",0.663856,1.584312554,,
Chrm5,-1.3864100000000001,0.38251502200000004,,
Meis2,-2.01657,0.247146317,,
Ankrd63,-3.10452,0.116264329,,
Rmdn3,-0.33603,0.792219235,-0.564892254,0.6760059009999999
Mal,-0.546086,0.6848754020000001,,
Pak7,0.410339,1.32899507,,
Dzank1,-0.48862700000000003,0.7127017379999999,,
Cst3,-0.387049,0.76469063,,
Nrsn2,-0.689654,0.620002342,,
Xkr7,0.42362299999999997,1.341296806,,
Kcns1,-0.682425,0.62311413,,
Sulf2,-0.378709,0.7691252679999999,,
Kcnb1,-0.666713,0.629939984,,
Cbln4,-1.59893,0.330122649,,
Pmepa1,-0.368288,0.774699922,,
Hrh3,-1.21739,0.430060999,-0.7343308209999999,0.601096773
B230312C02Rik,-1.22922,0.426548461,,
Kcnq2,-0.424396,0.745152171,,
Znf512b,0.378269,1.2997787109999999,,
1110015O18Rik,-1.57846,0.334838859,,
Zfhx4,-1.03798,0.487010601,,
Fabp5,-0.44719200000000003,0.733469785,,
Car2,-0.37451799999999996,0.771362639,,
Eif5a2,-0.347168,0.786126167,,
Egfem1,-1.19159,0.43781965799999994,,
Cldn11,-0.609827,0.655275443,,
Lhfp,0.34624,1.2712428340000002,,
Stoml3,-2.02295,0.24605417899999998,-0.627620735,0.647242956
Mme,-0.947368,0.518577151,,
1110032F04Rik,-1.6854,0.310916597,,
Fstl5,0.540676,1.454651299,0.534245449,1.448184535
Sfrp2,-1.0767799999999998,0.474083269,,
Paqr6,-0.46483800000000003,0.7245524740000001,-0.504131656,0.705084633
Tchh,-0.872885,0.54605462,,
Tspan2,-0.312102,0.8054676759999999,,
Fam212b,0.340906,1.266552425,,
Col11a1,-1.0855299999999999,0.47121852399999997,,
Prss12,-1.40862,0.37667097899999996,,
Ndst4,-2.54628,0.171196056,,
Col25a1,-1.96527,0.256091034,,
Etnppl,-0.548312,0.683820798,,
Tacr3,-3.68781,0.077599149,,
Ddit4l,-1.01463,0.494955045,,
Gbp3,0.528363,1.442289291,,
Slc44a5,1.25142,2.380760928,0.986217039,1.98098374
Pex5l,-0.478588,0.717681043,,
Trpc3,-0.394731,0.7606314270000001,-0.783947719,0.580775412
Ankrd50,0.392786,1.312921495,,
Pcdh18,-0.754634,0.59269829,,
Slc7a11,-0.344921,0.7873511740000001,,
Maml3,0.392391,1.312567654,,
Sertm1,-1.84745,0.277881878,,
Gpr149,-2.98135,0.126626128,,
Shox2,-5.13037,0.028549921000000002,,
Npy2r,-1.6716900000000001,0.313884745,,
Fhdc1,-0.451895,0.7310776520000001,,
Dclk2,0.306675,1.2368528559999998,,
Sema4a,-0.666374,0.630087929,,
Slc27a3,-0.982452,0.506119366,,
Npr1,-0.3923,0.7619142959999999,-0.553965306,0.681145397
Lor,-1.50694,0.351858419,,
Cgn,0.431893,1.3490056380000002,0.410420629,1.329073259
"Bnipl,Gm128",-1.34153,0.394599583,,
Ampd2,-0.377064,0.770002727,,
5330417C22Rik,-0.8706290000000001,0.54690813,,
Ntng1,-0.552871,0.68166194,,
Gpr88,-1.07405,0.47498381,,
Ugt8a,-0.474735,0.719598581,,
Ccdc109b,-1.1741,0.44316046,,
Npnt,-0.643235,0.640274524,,
Ifi44,0.8054279999999999,1.7476663680000002,,
Lrrc7,-1.00768,0.49734476299999997,,
Lyn,0.381783,1.302954081,,
Chd7,0.306429,1.236638968,,
Gpr63,-0.576272,0.670698157,,
Epha7,0.459883,1.3754308640000001,,
Tmem215,-3.89451,0.067241362,,
Car9,-2.15855,0.22398142199999999,-0.950967036,0.51728561
Grhpr,-0.424353,0.745172312,,
Tmeff1,-0.593332,0.662811216,,
"Akap2,Palm2",-0.297898,0.813439792,,
Zkscan16,-0.37233,0.7725343020000001,,
Hook1,0.33113400000000004,1.258006547,,
Nfia,0.378434,1.299926084,,
Alg6,0.489666,1.404119919,0.36258526,1.285727815
Cachd1,-0.43470299999999995,0.7398463279999999,,
Dhcr24,-0.34776999999999997,0.7857994429999999,,
Agbl4,-0.846885,0.55598652,,
Trabd2b,-0.7632180000000001,0.589180921,-1.169863743,0.444463316
Tal1,-1.9265700000000001,0.263053779,,
Hpcal4,-0.339331,0.7904043079999999,,
Pou3f1,-1.13642,0.454885428,,
Epha10,-0.960451,0.5138963529999999,,
Rspo1,-1.54324,0.34311441299999995,,
Marcksl1,-0.5988640000000001,0.660275423,,
1700003M07Rik,-1.30803,0.40387158100000004,,
Stmn1,-0.51575,0.699429179,,
Paqr7,-0.741482,0.598127371,-0.5121911889999999,0.7011566999999999
Htr1d,-0.9688549999999999,0.510913188,,
Camk2n1,-0.403858,0.755834143,,
Padi2,-0.608808,0.655738163,,
Fbxo2,-0.47800200000000004,0.7179731840000001,,
Plekhg5,-0.5483359999999999,0.683811453,,
Icmt,-0.412753,0.751188504,-0.779775509,0.58245742
Chd5,-0.600284,0.659623765,,
AW011738,-0.386834,0.7648064309999999,,
Tox,-1.2989899999999999,0.406412965,,
Necab1,0.579883,1.4947314230000002,0.8623792029999999,1.818034028
Pou3f2,-0.43842,0.7379409579999999,,
Ankrd6,-0.542222,0.686713903,,
Lingo2,-0.68913,0.62022515,,
Shb,-0.61485,0.65299587,,
Gabbr2,-0.333189,0.793779441,,
Svep1,-0.5292600000000001,0.6929102559999999,,
Susd1,-0.8685709999999999,0.54768861,,
Alad,-0.668704,0.6290718820000001,-0.43963971700000004,0.737318716
Nfib,0.391329,1.311603675,,
Frem1,0.5275810000000001,1.44151295,,
Bnc2,-0.973096,0.509412857,,
Elavl2,-0.4429,0.735654129,,
Jun,0.31710900000000003,1.2458295,,
Kank4,-0.660705,0.632568593,,
Mroh7,-0.803168,0.57308859,,
Nasp,0.37446199999999996,1.296358472,,
Ptprf,-0.329627,0.795741708,,
Hpca,-0.434209,0.7400998990000001,,
Hcrtr1,-1.82855,0.28154855,,
Oprd1,-0.8277629999999999,0.5634028839999999,,
Extl1,-0.619056,0.651095887,,
Ephb2,0.366654,1.289353599,,
Alpl,-0.497953,0.708109916,,
Fam43b,-0.635898,0.643539685,,
Vwa5b1,-0.786678,0.579677341,,
Pax7,-4.84952,0.034685524,,
Klhdc7a,-0.377011,0.770033291,,
Tmem51,0.390173,1.310552451,,
Per3,-0.436863,0.73873853,,
Kcnab2,-0.49184300000000003,0.7111156190000001,,
Ajap1,-0.44923,0.732433945,-0.426103099,0.744269438
Isg15,0.818398,1.7634511290000001,,
Sema3a,0.549867,1.463950005,,
Sema3c,-0.420328,0.747255419,,
Lrrc17,-1.07263,0.47545205700000004,,
Ywhah,-0.44300900000000004,0.735598957,-0.637372825,0.642882585
Ablim2,-0.388965,0.7636744759999999,,
Drd5,-0.822624,0.565412844,,
Cd38,-0.347937,0.7857070759999999,,
Slit2,-0.500372,0.7069271429999999,,
Pcdh7,-0.802793,0.57323641,,
Nwd2,-0.355414,0.7816458270000001,-0.507386993,0.703495455
Shisa3,-1.07823,0.47360948399999997,,
C530008M17Rik,-0.5527449999999999,0.681722093,,
Prdm8,0.491175,1.405584105,,
Arhgap24,-0.762008,0.589674968,,
Spp1,-0.480361,0.716799608,,
"A830010M20Rik,Btbd8",0.344823,1.26999166,,
Mn1,-1.23832,0.423865957,,
Fam222a,-0.39610100000000004,0.759912516,-0.7334096440000001,0.601480702
Oasl2,0.786378,1.724749268,,
Tesc,0.386411,1.3071375379999999,,
Hrk,0.639667,1.5579737830000002,0.644639456,1.5633485409999999
Aacs,0.400047,1.319545723,,
Tmem132b,-0.666317,0.630113324,,
Tmem132c,0.354419,1.278470133,,
Mmp17,-0.674704,0.626463485,-0.593630148,0.662673371
Gbas,0.300252,1.231359198,,
Stx1a,-1.217,0.430177233,,
Rasa4,0.413239,1.331670834,,
Vgf,-0.60528,0.657343188,,
Uncx,0.500891,1.415084944,,
Elfn1,-2.0432099999999997,0.24262310000000004,,
Amz1,-0.631587,0.645467755,-0.400533078,0.757578305
Grid2ip,-0.668786,0.62903646,-0.648305632,0.638029205
Nptx2,-2.38663,0.19122803800000002,,
Cdk14,-0.381669,0.767550132,,
Reln,0.327511,1.254843185,,
Kcnh2,-0.320947,0.800547635,,
Rbks,-1.14781,0.45131071799999994,,
Sorcs2,-0.9825649999999999,0.506079646,,
Stk32b,-3.59533,0.08273682,,
Nsg1,-0.417601,0.748668908,-0.606323774,0.65686838
Slc2a9,1.06197,2.087777962,0.606778668,1.522855092
Ldb2,-2.1814299999999998,0.22045762100000002,,
Kcnip4,-0.365556,0.776168913,-0.591151204,0.663813004
Kctd8,0.45993199999999995,1.375481514,,
Gabrg1,-0.399511,0.7581149079999999,,
Prkg2,-1.50531,0.35225479600000004,,
Barhl2,0.39967600000000003,1.319210837,,
Miat,-1.41517,0.37496804,0.7376158620000001,1.667418055
Adrbk2,-0.354611,0.782081052,,
1700069L16Rik,-0.8857309999999999,0.541214627,,
Hspb8,-0.5403,0.6876259290000001,,
Ccdc63,-1.39554,0.380101368,-1.274189455,0.413457385
Rimbp2,-0.9009799999999999,0.535522272,,
Limk1,-0.5147149999999999,0.699932763,,
Sh2b2,0.696915,1.621033784,,
Agfg2,-0.34879099999999996,0.785237585,-0.48732237100000003,0.713347837
Radil,0.415397,1.33366621,0.345052884,1.2701975429999999
Tmem130,-0.5709810000000001,0.6731603420000001,,
Lnx2,0.448657,1.364769339,,
Tac1,-4.0833699999999995,0.058990821,,
Nxph1,-0.521493,0.6966518279999999,,
Foxp2,-0.8216399999999999,0.565797649,,
Chrm2,-1.35572,0.39074025100000004,,
Ephb6,-0.562771,0.677000464,,
Tmem176a,-0.6845829999999999,0.62218448,,
Npy,-0.670362,0.628347317,,
Tigd2,0.358671,1.282238223,,
Lrrtm4,-1.02629,0.490971934,,
Tacr1,-4.1066,0.05804864,,
Rtkn,-0.45167399999999996,0.73119384,,
1700003E16Rik,-0.609975,0.655205947,,
Efcc1,-0.953616,0.516338063,,
Slc6a6,-0.404723,0.755382784,,
Fam19a1,-2.55196,0.17052350300000002,,
Cntn6,0.32303699999999996,1.250958529,,
Lrrn1,0.317581,1.246238936,,
Grm7,-0.394486,0.7607605140000001,,
Slc6a11,-1.57287,0.336139112,,
Fam21,-0.30338899999999996,0.810346552,-0.584716215,0.666780485
Tuba8,-0.380264,0.7682978429999999,-0.74105978,0.59829969
Usp18,0.8211510000000001,1.766817259,,
Vamp1,-0.682945,0.6228917589999999,,
Tspan11,-0.529354,0.692865168,-0.842089565,0.557835029
Ptpro,-1.03434,0.488238881,,
Pde3a,1.02652,2.037108276,0.590228444,1.505485115
Gpr85,0.38177,1.302934543,,
Cttnbp2,-0.32831,0.796464438,,
Cadps2,0.606691,1.522763066,,
Pde1c,0.418129,1.336197822,,
Fam13a,0.327075,1.254464976,,
Gprin3,0.768779,1.70382875,,
Snca,0.6126659999999999,1.5290811819999999,0.5179765270000001,1.431945443
Smyd1,-0.8131109999999999,0.569155408,,
Tet3,0.319838,1.248189959,,
Egr4,0.514544,1.4285427880000001,,
Gkn3,-0.810441,0.570207708,,
Grip2,-0.864562,0.549213336,,
Prickle2,-0.43507799999999996,0.739653982,,
Rassf4,-0.845669,0.55645159,,
Cacna1c,0.327018,1.254417151,,
Erc1,0.306653,1.236831864,,
B4galnt3,-1.13186,0.45632758100000004,-0.745516434,0.596454324
Iqsec3,-0.404633,0.755427244,,
Ntf3,0.796467,1.7368414209999998,,
Kcna6,-0.373423,0.771950598,-0.49219436899999996,0.7109429159999999
Prmt8,-0.350835,0.784128862,-0.723043965,0.6058178679999999
BC048546,-0.925934,0.526341698,,
Grin2b,-0.613967,0.6533950470000001,,
Rerg,-0.8646459999999999,0.549181527,,
Eps8,0.503977,1.41811795,,
Lmo3,-1.89127,0.269570298,,
Tmtc1,-0.603745,0.658043346,,
Gm16532,-0.9546389999999999,0.515969954,,
Usp29,-0.47085,0.721539156,,
Pnmal2,-0.30438000000000004,0.809791409,,
Ttc9b,0.327633,1.254951834,,
Vstm2b,-1.55295,0.340812283,,
Klk6,-0.44503100000000007,0.734570698,,
"Kcnc3,Napsa",-0.410342,0.75244472,,
Slc17a7,0.348319,1.273077357,,
Nell1,-0.689696,0.61998454,-0.643103904,0.6403338120000001
Slc17a6,-1.98048,0.253405459,,
Magel2,-2.06466,0.239042864,,
Otud7a,0.412231,1.330745055,,
Acan,-1.39847,0.37933042100000003,,
Pde8a,-0.43754499999999996,0.7383893709999999,,
Sh3gl3,-0.7633979999999999,0.589107225,,
Mex3b,0.406125,1.32512215,,
Grm5,-1.7113599999999998,0.305372193,,
Me3,0.46847,1.383641027,0.36336314799999997,1.286421254
Sytl2,-0.559389,0.6785892379999999,,
Tenm4,-0.478728,0.7176100740000001,,
P4ha3,-1.8133099999999998,0.284536823,,
Cckbr,-1.92862,0.262679604,,
Wee1,-0.461129,0.726417071,,
Spon1,0.42773900000000004,1.345128836,,
Hs3st2,-1.8587,0.275724562,,
Cacng3,-0.5864659999999999,0.665972545,,
Hs3st4,-2.99995,0.125004638,,
Sbk1,-0.555331,0.680501013,-0.9860184390000001,0.504869196
Doc2a,-1.24016,0.42332599600000004,,
Gpr26,-1.96003,0.257022895,,
Lhpp,-0.374042,0.7716169559999999,,
"Dpysl4,Jakmip3",0.509976,1.4240289830000001,,
Inpp5a,-0.32011,0.801010082,-0.754903587,0.592585986
Gpr123,-0.416283,0.749352646,,
Tnnt1,-1.3762299999999998,0.385224744,,
Syt5,-0.532247,0.691476723,,
Cox6b2,-0.7208760000000001,0.6067286270000001,,
Zim1,-0.8983459999999999,0.536501922,,
Tmem91,-2.07402,0.23749619100000002,,
Dll3,-1.05564,0.481084064,,
Chst8,-0.371697,0.7728738479999999,-0.718657034,0.607662836
Kcnj14,-1.55344,0.34069785399999997,,
Abcc8,-0.314375,0.804197367,-0.529255489,0.692912223
Ptpn5,-0.5968479999999999,0.66119888,,
Gabrg3,-1.3595899999999999,0.38969032299999995,,
Gabra5,-2.23375,0.21260527199999998,,
B230209E15Rik,-1.89198,0.269437862,,
Klf13,0.32608000000000004,1.253603765,,
Synm,-0.411713,0.751730442,,
Sv2b,0.433435,1.3504467669999998,,
Mfge8,-0.366658,0.775576623,-0.483660152,0.71516094
Cpeb1,-0.496675,0.7087406390000001,-0.356155929,0.781243438
Il16,0.309815,1.2395496609999999,,
Cemip,0.663473,1.5838932890000001,,
Gm4980,-0.805625,0.57211296,,
Hbb-bt,-0.660926,0.632470791,,
"Hbb-b1,Hbb-bs",-0.530081,0.6925141640000001,,
Dkk3,-0.41192399999999996,0.751620345,,
Gpr139,-0.818715,0.5669463220000001,,
Gsg1l,-0.480936,0.716513022,,
Rgs10,-0.577505,0.670120312,,
Stk32c,-1.12675,0.45794667,0.590401494,1.505665707
Sprn,0.388785,1.3092920209999999,,
Irf7,1.17951,2.265000848,,
Th,-1.10871,0.46370815299999996,-0.723613232,0.6055788679999999
Mrgpre,-1.09325,0.468704128,,
Ccnd1,0.5340630000000001,1.4480083590000001,,
Tpcn2,0.673632,1.59508437,0.5406106070000001,1.454588028
Dlgap2,-1.27706,0.412638212,,
Zmat4,-0.7072579999999999,0.612484021,,
Rnf122,0.365411,1.288248095,,
Dusp4,0.547487,1.461537431,,
Casp3,0.47085200000000005,1.3859290830000002,,
Glra3,-3.13655,0.11371120400000001,,
43160,-0.765019,0.588447161,,
Npy1r,-1.20738,0.43305324,,
Lpl,-0.811664,0.56972465,,
Hapln4,-0.43121099999999996,0.7416392009999999,-0.40407833600000004,0.755718929
Homer3,-0.369811,0.7738835140000001,-0.803198819,0.573077111
Comp,0.837046,1.786390868,0.596862777,1.512424135
Rasd2,-0.79318,0.577069215,,
Cx3cl1,-0.672964,0.627218727,,
Bean1,-0.447725,0.73319907,-0.426565422,0.7440309690000001
Zfhx3,-1.96112,0.256829925,,
Hydin,0.618462,1.5352446380000002,,
Vat1l,0.49484399999999995,1.4091687659999999,,
Cmip,-0.30683699999999997,0.8084136120000001,,
Cdh13,-0.630825,0.645807,,
Necab2,-2.84234,0.139434337,,
Cdh15,0.48221899999999995,1.3968926119999998,,
Cpne7,-2.9507,0.129345635,,
Pcp2,-0.363316,0.777374296,-0.595970584,0.66159921
Chrna6,-2.39637,0.18994148,,
Unc5d,-0.796303,0.5758230089999999,,
Sgcz,-0.821058,0.566026438,,
Tenm3,-0.49312399999999995,0.71048516,,
Msmo1,-0.413666,0.7507122420000001,,
Npy5r,-3.19102,0.10949869,,
Ncan,-0.364977,0.77648141,,
Slc5a5,-0.561582,0.6775582459999999,,
Pou4f2,-4.70563,0.038323371,,
Nanos3,4.888330000000001,29.61649945,,
Tox3,-2.12719,0.22890196,,
Pllp,-0.3844,0.7660965540000001,,
Cdh8,0.369319,1.291736582,,
Calb2,0.737579,1.6673763830000001,,
Fa2h,-0.44143599999999994,0.7364021409999999,,
Bcar1,-0.314666,0.80403601,-0.718099989,0.607897508
Adamts18,0.9820200000000001,1.9752289440000002,0.647160321,1.566082615
Kcng4,-0.35841100000000004,0.7800239379999999,-0.667901373,0.629421614
Zcchc14,0.346893,1.27181936,,
Trhr2,-5.06003,0.029976501000000003,,
Agt,-0.45212700000000006,0.730963782,,
2310022B05Rik,-0.46703100000000003,0.723453088,-0.39427928799999995,0.7608693809999999
Gpr83,-1.29674,0.407045727,,
Vstm5,-1.27921,0.412021149,,
Icam5,-1.8021,0.286757392,,
B3gat1,-0.515831,0.6993872179999999,,
Arhgap32,-0.291508,0.8170467570000001,,
Cdon,0.349107,1.273771955,,
Scn3b,-1.34538,0.393552634,,
Thy1,-0.498684,0.707751866,,
Scn4b,-0.764166,0.588795276,-0.43241971799999995,0.741017892
Fxyd6,0.480908,1.395619786,,
2900052N01Rik,-1.9354900000000002,0.261431774,,
Drd2,-3.05119,0.12064277699999999,,
Cryab,-0.416613,0.749181614,,
Arhgap20,-0.483839,0.715069257,,
Rpp25,-0.926459,0.5261487260000001,,
Sema7a,-0.43390200000000007,0.740257295,-0.598159279,0.660596266
Hcn4,-0.539883,0.687829127,,
Celf6,-0.524774,0.695068628,,
Bmp5,0.509872,1.423927149,,
Tpbg,-0.524543,0.695179518,0.617183086,1.533877305
Rwdd2a,-0.5038229999999999,0.705235143,,
Mrap2,-0.901964,0.5351586420000001,,
Rasgrf1,-0.35130300000000003,0.783874794,,
Plod2,0.42065699999999995,1.338536012,0.48132062700000006,1.396020983
Cpne4,-1.17156,0.443939876,1.010579765,2.014720578
Cacna2d2,-0.295236,0.814938025,,
Camkv,-2.52152,0.17415963199999998,,
Dclk3,-0.812982,0.56920663,,
Eomes,-0.942681,0.520264651,-0.628916838,0.6466617410000001
Mobp,-0.477454,0.718243677,,
Entpd3,-1.35819,0.390071713,,
Snrk,-0.324963,0.7983187909999999,-0.471925844,0.721001495
Lars2,-0.487408,0.713306049,,
AK129341,-0.34076100000000004,0.789624588,,
Cntn5,-0.969908,0.5105381139999999,,
Amotl1,-0.325155,0.798213155,,
Fat3,-0.379644,0.768628251,,
Epor,-1.06303,0.47862557899999997,-0.951077375,0.5172460489999999
Nrgn,-4.20233,0.054321543,,
AW551984,-3.34784,0.098219868,,
AI593442,-0.65832,0.633616641,,
Chrna3,-3.5471,0.085549002,,
Chrnb4,-3.5008,0.08833927800000001,,
Cplx3,-1.3411899999999999,0.394694912,-0.803962715,0.572773751
Islr2,-0.691551,0.619187763,,
Foxb1,-2.44149,0.18409387,,
AF529169,0.5601649999999999,1.4744370080000002,0.822699625,1.768712579
Ankrd34c,-2.3740900000000003,0.19289826,,
Pls1,-0.443841,0.73517524,,
Pxylp1,0.42124700000000004,1.339084736,,
Clstn2,-0.9125190000000001,0.531255438,-0.809201332,0.570697706
Armc8,0.306033,1.236303157,,
Sox14,-3.7419,0.074744068,,
Il20rb,-1.2178799999999999,0.42991482,-1.0519539409999998,0.48231449
Sema3f,-1.14543,0.452053156,,
Stac,-0.86287,0.549857968,-1.12779066,0.457615981
Cck,-0.9551559999999999,0.515786532,-0.85134626,0.554267276
Dgkk,-3.6737300000000004,0.078360515,,
B630019K06Rik,-0.349537,0.7848371120000001,,
Sytl5,-0.6627069999999999,0.6316916220000001,,
Zcchc12,-1.51226,0.35056217799999995,0.661887208,1.582150902
Lonrf3,-0.338431,0.790901395,,
Gria3,-0.332054,0.794403616,,
Arhgap36,-2.61579,0.163143809,,
Zic3,0.497566,1.411829594,0.275283485,1.210231873
Ldoc1,0.555933,1.470122691,,
Slitrk2,0.485569,1.4001391909999998,,
Gabrq,-3.73182,0.075268218,,
Xlr3b,0.982958,1.9765031919999998,,
Gpr165,-1.2590700000000001,0.417814065,,
Eda,-1.13067,0.456703665,-0.545150709,0.6853198079999999
Gjb1,-0.422684,0.746039124,,
Pcdh11x,-0.451978,0.731040459,,
Plp1,-0.562499,0.677128395,,
Il1rapl2,-2.4445900000000003,0.18369772399999998,,
Pak3,-0.6590189999999999,0.633308286,,
Htr2c,-1.46062,0.363335684,,
Map7d2,-0.28446,0.82104994,,
Sh3kbp1,-0.400409,0.757643913,,
Gpr64,-1.5629899999999999,0.33844848200000005,,
Arhgap6,-0.683614,0.622602995,,
2010204K13Rik,-1.0049700000000001,0.498279359,,
Rbm3,0.37348000000000003,1.295477887,,
Klhl13,-0.426446,0.744094149,,
Igsf1,-1.29141,0.408552294,,
Mcf2,-0.973382,0.5093128579999999,,
Gabra3,-1.0644,0.478175146,,
"5330434G04Rik,E530001F21Rik,Mir384",1.85408,3.6152143889999997,,
Hmgn5,0.496759,1.4110387709999999,,
Pcdh19,-0.723057,0.6058150179999999,,
Shroom2,-0.861065,0.550545626,,
Nhs,-0.775614,0.584140119,,
Egfl6,-1.9752299999999998,0.25433035600000004,,
Prps2,-0.347194,0.786111818,,
Erdr1,0.37845300000000004,1.299945732,,
Sept5,,,-0.366682667,0.7755637790000001
Sept11,,,-0.390348068,0.762945512
1700037H04Rik,,,-0.46670124799999996,0.723617273
1700047F07Rik,,,-1.3816140609999998,0.383789179
2410124H12Rik,,,-0.9003035420000001,0.535773993
2810459M11Rik,,,-0.33970501700000005,0.7902028659999999
3632451O06Rik,,,-0.34833930399999996,0.7854877579999999
4732463B04Rik,,,0.656846951,1.576633081
4833422C13Rik,,,0.6398419710000001,1.5581584730000002
4921507P07Rik,,,0.427986011,1.345354163
4930447F24Rik,,,-0.9967568640000001,0.501125249
4930447M23Rik,,,0.630098069,1.5476701940000002
5930409G06Rik,,,0.641264475,1.559695583
5930412G12Rik,,,-0.598394664,0.660488495
6030419C18Rik,,,-0.5376621629999999,0.6888863209999999
6330409D20Rik,,,0.487427134,1.4019424569999999
9530059O14Rik,,,-0.592162187,0.663347993
A230004M16Rik,,,-0.6437938329999999,0.640027663
A330102I10Rik,,,0.765192433,1.6995966830000002
A430027H14Rik,,,0.61210833,1.528491289
A830010M20Rik,,,0.48781691,1.402321273
A830018L16Rik,,,0.925317292,1.899101865
A830039N20Rik,,,-0.553389709,0.68141721
Abcc12,,,-0.618492724,0.651351081
Abhd6,,,-0.397556258,0.759143087
Ackr1,,,-0.42390415200000003,0.7454047140000001
Ackr4,,,-0.803161452,0.573091955
Acot5,,,-0.8684579290000001,0.547731999
Actn3,,,-0.568836596,0.674160219
Adamts10,,,-0.45798096299999996,0.728004381
Adprhl1,,,-0.727573605,0.60391876
Aifm3,,,-0.36903211799999996,0.77430179
Ak4,,,-0.326109613,0.797684631
Akain1,,,-0.37763275700000004,0.769699515
Akt2,,,-0.342785502,0.7885174009999999
Aloxe3,,,0.389447511,1.309891676
Amica1,,,-0.7648686,0.588506967
Ankdd1a,,,0.875293834,1.8343816569999998
Ankrd33b,,,-0.46100413799999995,0.726480441
Ankrd34a,,,-0.464338209,0.724803482
Aqp6,,,-0.737507919,0.599774496
Arap1,,,-0.464590026,0.7246769809999999
Arglu1,,,0.30313159300000003,1.233819706
Arhgef19,,,-0.342848617,0.7884829059999999
Arhgef39,,,-0.812509082,0.569390733
Armcx1,,,0.268761896,1.204773461
Armcx3,,,0.229046902,1.172060387
Armcx5,,,0.367772141,1.2903586759999999
Armcx6,,,0.33090773,1.257804524
Asph,,,-0.273313484,0.827417007
Asrgl1,,,-0.207942295,0.865771194
Atg4a,,,0.279058933,1.213403125
Atp1a1,,,-0.240895857,0.84621968
Atp1b2,,,-0.244624228,0.8440356090000001
Atp2a2,,,-0.49175748399999997,0.7111582409999999
AW822252,,,0.514199847,1.428201805
B3galt5,,,0.368852625,1.291325431
B3gnt5,,,-0.402108239,0.7567516190000001
Bag3,,,-0.41050768,0.752358575
Baiap2,,,-0.48658797600000003,0.713711055
Bbs7,,,0.214120886,1.159996849
BC022960,,,0.329681816,1.256736173
BC030500,,,0.670850673,1.592011407
Bhlhe40,,,-0.237896126,0.8479810170000001
Bmi1,,,0.283211125,1.216900428
C230004F18Rik,,,0.40449755200000004,1.32362785
C230014O12Rik,,,1.034785652,2.048809222
Cabp2,,,-1.217817848,0.42993252200000004
Cabp7,,,-0.685305396,0.6218741720000001
Cacna1g,,,-0.50933939,0.702544059
Cacna1s,,,-0.887266476,0.540637513
Cacng2,,,-0.328203666,0.796527642
Calb1,,,-0.584168195,0.667033815
Camkk2,,,-0.535111958,0.69010512
Car7,,,-0.732965732,0.601665804
Car8,,,-0.669005669,0.628940015
Casp12,,,-0.35666696700000006,0.7809667509999999
Casq2,,,-0.44828102,0.732915601
Cbln1,,,-0.464378269,0.724783356
Cbx2,,,0.42911884899999997,1.3464109819999999
Ccdc126,,,0.26417604100000003,1.2009499609999998
Ccdc190,,,-0.343925656,0.7878944859999999
Ccdc74a,,,-0.356833455,0.780876632
Ccdc92,,,-0.37815629700000003,0.7694202490000001
Ccer2,,,0.611392343,1.52773291
Cd200,,,0.494035331,1.408378717
Cdc20,,,-0.881686161,0.542732737
Cdc42ep1,,,-0.420958469,0.74692823
Cdc42ep4,,,-0.485630522,0.7141848709999999
Cdh19,,,0.5572437929999999,1.4714553780000001
Cdh22,,,-0.326543219,0.797444921
Cdk16,,,-0.297005865,0.813939876
Cebpb,,,-0.658928933,0.633348325
Cep70,,,0.284967947,1.218383194
Cep72,,,-0.745024262,0.5966578370000001
Cerk,,,-0.584492523,0.6668838779999999
Cers4,,,0.384532616,1.305436801
Cfap74,,,-0.496748673,0.708702148
Chac1,,,-0.366929011,0.775431361
Chn2,,,-0.41411934200000006,0.750477466
Chrdl1,,,-0.486475971,0.713766467
Cited4,,,-0.547686924,0.684116095
Clec3b,,,-0.533737399,0.690762946
Cmpk2,,,0.422081979,1.339859736
Col9a2,,,-0.341662011,0.789131694
Corin,,,-0.76362462,0.589014633
Cox6a2,,,-0.636747085,0.643161483
Cpne9,,,-0.23747041,0.84823128
Crispld2,,,-0.489433875,0.7123045570000001
Csad,,,-0.303581475,0.8102384890000001
Csmd3,,,0.66275752,1.58310563
Csrp2bp,,,-0.24399536600000002,0.8444036
Cstf2,,,0.317657332,1.246305137
Cthrc1,,,-0.524517288,0.695191676
Ctps2,,,0.29605611600000004,1.22778344
Ctsw,,,-0.660500859,0.632658619
Cyp11a1,,,-0.557123075,0.679656137
Cyth3,,,-0.364672646,0.776645079
D17Wsu92e,,,-0.18988967,0.876672762
Dact1,,,-0.517585992,0.698539696
Dbpht2,,,0.692223548,1.6157719019999999
Dennd2d,,,-0.473792218,0.720069359
Desi1,,,-0.223277458,0.856617195
Dgka,,,0.241551643,1.182263522
Dgkz,,,-0.688522385,0.620489032
Dhrs11,,,-0.49201533799999997,0.711031146
Diras2,,,-0.29002723199999997,0.81788662
Dlgap3,,,-0.43992397299999997,0.737173455
Dlgap4,,,-0.363612224,0.777216145
Dlx4os,,,-0.634343863,0.644233745
Dnase2a,,,-0.740789945,0.5984116039999999
Doc2b,,,-0.770401617,0.5862542510000001
Dok7,,,0.358566471,1.2821512590000002
Dolpp1,,,-0.26389843,0.832834403
Dpf1,,,-0.25347602399999997,0.838872801
Dpysl3,,,0.49244919600000003,1.406831161
Dtx1,,,-0.239353368,0.847124918
Dym,,,-0.360407606,0.7789444729999999
Dyrk3,,,-0.39939794100000003,0.758174615
Ebf4,,,0.52880857,1.442737239
Ehd2,,,-0.397189705,0.7593359909999999
En2,,,-0.22202889,0.8573588679999999
Eny2,,,0.25172914399999996,1.190633295
Epha2,,,-0.540450099,0.687556368
Epha5,,,0.483241706,1.39788115
Eps8l2,,,-0.607130319,0.6565012579999999
Espn,,,-0.646939674,0.638633584
Faap100,,,-0.469875019,0.722027144
Fam131a,,,-0.4074508,0.753954413
Fam163b,,,1.265544338,2.404179039
Fam171a2,,,-0.290445998,0.81764925
Fam174b,,,-0.655749703,0.634745557
Fam19a3,,,-0.659482993,0.633105137
Fam20c,,,-0.379715874,0.768588943
Fam220a,,,-0.32643606199999997,0.7975041540000001
Fam221a,,,0.595367105,1.5108569859999998
Fam76b,,,0.250555134,1.189664797
Fancg,,,0.378367477,1.299870118
Far2,,,-0.582591767,0.667763079
Fgf11,,,-0.70413878,0.613808794
Fjx1,,,-0.40837339899999997,0.7534724159999999
Fnbp1l,,,0.39817734,1.317841934
Foxp4,,,-0.484310855,0.7148384520000001
Fundc2,,,0.187574908,1.138847765
Fut2,,,-0.534905472,0.690203899
Gabra2,,,-0.329464657,0.79583174
Gad1,,,-0.236920787,0.8485544909999999
Garem2,,,-0.302784673,0.810686108
Gck,,,0.670330159,1.591437125
Gcnt4,,,0.703364068,1.6282972230000001
Gdf10,,,-0.679265065,0.6244833160000001
Gdf11,,,-0.605597293,0.657199235
Gdpd3,,,-0.54306386,0.6863118359999999
Gdpd5,,,-0.359952421,0.779190277
Gldc,,,-0.40391062200000005,0.755806787
Gli1,,,-0.47228138399999997,0.720823832
Glra2,,,0.704505431,1.629585932
Gm11637,,,-0.484155348,0.7149155079999999
Gm12198,,,-0.732683579,0.601783485
Gm12532,,,-0.614978011,0.652939845
Gm12576,,,0.6454826579999999,1.564262527
Gm12992,,,-0.587373577,0.665553443
Gm13944,,,-1.243333084,0.42239566
Gm15083,,,-2.202160841,0.21731191100000002
Gm15577,,,-0.48551231200000006,0.714243392
Gm15721,,,-0.568889251,0.6741356140000001
Gm19410,,,0.8250484640000001,1.77159455
Gm20387,,,-0.422155376,0.7463088109999999
Gm20628,,,0.583324822,1.498298238
Gm2136,,,0.67382594,1.5952979969999999
Gm26614,,,0.744506982,1.675401629
Gm26797,,,0.8304470890000001,1.77823635
Gm26857,,,-0.522015574,0.696398223
Gm28523,,,0.52969122,1.443620184
Gm28703,,,0.579436738,1.4942657380000002
Gm32444,,,0.729201068,1.657720829
Gm3455,,,-0.770732153,0.586119949
Gm37090,,,0.258583957,1.196303924
Gm37460,,,0.607503773,1.5236206780000001
Gm37773,,,0.756597958,1.6895018819999998
Gm37928,,,0.917245007,1.888505528
Gm42742,,,-0.45745797,0.728268338
Gm42772,,,-0.771731147,0.585714231
Gm42858,,,-0.732433599,0.601887767
Gm43398,,,-1.121545602,0.459601177
Gm43477,,,-0.502450019,0.705906975
Gm44280,,,-0.7795279409999999,0.5825573789999999
Gm45381,,,0.612670985,1.529087521
Gm45620,,,-1.07511595,0.474632913
Gm6277,,,-0.464677876,0.724632855
Gm996,,,-0.42917860799999996,0.742684509
Gnao1,,,-0.337411458,0.7914601090000001
Gnb4,,,-0.28659109,0.819836945
Gp1bb,,,-0.7183076829999999,0.6078100000000001
Gpr155,,,0.298588401,1.229940394
Gpr179,,,0.8545705859999999,1.808220463
Gpr37l1,,,-0.373432408,0.7719437290000001
Gprasp1,,,0.39809050700000004,1.317762619
Gprasp2,,,0.488002435,1.402501617
Gprc5b,,,-0.39560351899999996,0.76017131
Gprc5c,,,-0.429672625,0.742430238
Gprin1,,,-0.216448988,0.86068129
Grb7,,,-0.413966355,0.750557052
Grik1,,,-0.5826557529999999,0.6677334629999999
Grik4,,,-0.39240598299999996,0.7618579940000001
Grk5,,,-0.601782377,0.658939366
Guf1,,,0.309244157,1.239058374
H19,,,-0.6397930789999999,0.641804994
Hacl1,,,-0.35558490200000004,0.781552719
Hbegf,,,-0.294685825,0.81524985
Hccs,,,0.20745928600000002,1.154652946
Hdc,,,-0.60506814,0.657440328
Hes3,,,-0.377496254,0.769772344
Hnf1b,,,0.6085683789999999,1.524745416
Hook2,,,0.358870343,1.282421345
Hopx,,,-0.43478101700000005,0.73980604
Hopxos,,,-0.585524528,0.666407005
Hpn,,,-0.41377718399999996,0.7506554740000001
Hpx,,,-0.637205033,0.642957359
Hr,,,-0.40315544200000003,0.7562025179999999
Hsd3b7,,,-0.721209367,0.606588744
Htr1b,,,-0.541426001,0.687091432
Htra3,,,-0.32911499899999996,0.7960246440000001
Hunk,,,-0.34538965899999996,0.78709536
Ica1l,,,0.296530108,1.22818689
Id2,,,-0.558641598,0.678941135
Ier3,,,-0.459040268,0.727470037
Igsf21,,,-0.280261775,0.823441592
Iltifb,,,-0.595563185,0.661786063
Inhbb,,,-0.461145619,0.726409201
Inpp4a,,,-0.33012904,0.7954653309999999
Inpp5j,,,-0.39241436399999996,0.7618535679999999
Irf2bpl,,,-0.34915651,0.785042949
Itga7,,,-0.303547145,0.81025777
Itgav,,,0.27250302,1.2079016740000001
Itgb5,,,-0.377797744,0.769611497
Itgb7,,,-0.763425386,0.58909598
Itpr1,,,-0.544513638,0.685622501
Jup,,,-0.333620791,0.7935423970000001
Kcnab1,,,-0.288010403,0.8190307920000001
Kcnc3,,,-0.604790964,0.65756665
Kcnh3,,,-0.812076624,0.5695614370000001
Kcnj11,,,-0.305956417,0.808905785
Kcnj9,,,-0.369262644,0.774178075
Kcnv2,,,-0.847846324,0.555613545
Kctd1,,,-0.304018335,0.80999318
Kitl,,,-0.43097124700000006,0.74176225
Klc2,,,-0.287544215,0.819295494
Large1,,,-0.365181441,0.776371228
Lcat,,,-0.48148003899999997,0.716242465
Ldlrap1,,,-0.619355569,0.650961638
Lfng,,,-0.31298786100000003,0.8049729109999999
Lgi4,,,-0.666931993,0.629844679
Lhx5,,,-0.792648248,0.577283442
Lingo3,,,-0.500653271,0.706786667
Liph,,,-0.581584813,0.6682293189999999
Lmcd1,,,-0.6766043690000001,0.625636085
Lrch2,,,0.327551997,1.25488225
Lrig1,,,-0.401186681,0.757235167
Lrrc2,,,-0.451694164,0.7311837109999999
Lrrc4b,,,-0.213355615,0.862528711
Lrrc4c,,,0.42330144,1.340992752
Lrrfip1,,,-0.288925062,0.818511696
Lrrn2,,,-0.470097554,0.721915781
Lrrtm1,,,0.48803891899999996,1.402537086
Ly6g6e,,,-1.048517552,0.483464696
Lyg2,,,-0.727708068,0.603862476
Lypla1,,,0.23421524300000002,1.17626673
Mamstr,,,-0.625882058,0.6480234570000001
Man1c1,,,-0.43887722100000004,0.737708508
Map3k14,,,-0.40073551700000004,0.7574720090000001
Map7d1,,,-0.209514709,0.864828092
Mapkapk3,,,-0.40236131399999997,0.756618882
Maz,,,-0.294914059,0.8151208879999999
Meg3,,,0.574147664,1.48879763
Mesdc1,,,-0.613414358,0.653647912
Mfhas1,,,-0.27214111399999996,0.82808966
Mfsd12,,,-0.359348216,0.7795166720000001
Mfsd4b4,,,0.295755648,1.227527758
Mid1ip1,,,-0.273985351,0.827031766
Mir124-2hg,,,0.425384615,1.342930474
Mirt1,,,-0.9882378540000001,0.5040931120000001
Mknk2,,,-0.239263577,0.8471776440000001
Mlst8,,,-0.201288527,0.8697733879999999
Mpp6,,,-0.400798305,0.7574390440000001
Mpzl3,,,-0.416094415,0.749450753
Mrgprf,,,-0.604965685,0.657487019
Mthfd2l,,,0.411972214,1.330503415
Mtss1,,,-0.505089625,0.704616603
Muc3a,,,-1.75517618,0.29623701399999997
Mvp,,,-0.454054746,0.729988304
Myh14,,,-0.305713235,0.8090421459999999
Myo10,,,-0.48631958399999997,0.7138438429999999
Myo15,,,-0.5777474770000001,0.670009066
Nab1,,,-0.323586599,0.799080859
Nap1l3,,,0.358604873,1.282185388
Nat8f3,,,-0.44077198,0.7367402759999999
Ndp,,,-0.31579532,0.8034079709999999
Necab3,,,-0.579201654,0.669334065
Nek2,,,-0.537393252,0.689014738
Nemp2,,,0.300135752,1.231260265
Neu2,,,-0.63869015,0.642295837
Neurl1a,,,-0.328565786,0.796327737
Neurod2,,,-0.348034543,0.785653705
Nexn,,,-0.47873270100000004,0.717607711
Nkx2-2,,,-0.356230316,0.781203157
Nlrc3,,,-0.550736333,0.682671612
Nmur1,,,-0.837661902,0.5595496670000001
Nomo1,,,-0.35121442700000005,0.7839239309999999
Nova1,,,0.305418468,1.235777034
Nptx1,,,-0.46407847399999996,0.724933983
Nptxr,,,-0.46351457100000004,0.725217392
Nr0b2,,,-0.850863658,0.554452718
Nr2f6,,,-0.510326366,0.7020635999999999
Nrbp2,,,0.177503861,1.130925474
Nrep,,,-0.35343135299999995,0.782720235
Nrg3,,,0.513422783,1.427432755
Nuf2,,,-0.587125949,0.665667691
Oas1b,,,0.604808305,1.52077667
Onecut2,,,0.9718016970000001,1.961288404
Opn3,,,-0.630601736,0.645906957
Parp12,,,0.510745031,1.424785788
Parp8,,,0.325764724,1.25332861
Patj,,,-0.35382048299999996,0.782509145
Pcbp4,,,-0.33167004899999997,0.794616112
Pcdhb13,,,0.48038131100000003,1.395112352
Pcsk6,,,-0.623927809,0.6489018529999999
Pcyox1l,,,-0.323828773,0.798946734
Pde5a,,,-0.695448919,0.617517138
Pdk2,,,-0.251658037,0.8399305579999999
Pdss1,,,0.26631067399999997,1.20272822
Pgbd5,,,-0.340538464,0.7897464959999999
Phactr1,,,0.323477742,1.251343389
Phka1,,,-0.196941528,0.872398063
Phpt1,,,-0.428281268,0.743146594
Phyhip,,,-0.383962407,0.766329948
Pigs,,,-0.423039127,0.745851785
Pik3cd,,,0.5084080879999999,1.4224797230000001
Pip5kl1,,,0.578321632,1.4931112180000001
Pkp3,,,-0.684024196,0.622426679
Plekhf1,,,-0.41383263299999995,0.750626624
Plekhg4,,,-0.679896863,0.6242098970000001
Plekhh3,,,-0.321469391,0.8002544
Plekho2,,,-0.43557781700000003,0.739397557
Plk5,,,-1.049140888,0.48325585299999996
Plpp3,,,-0.334648221,0.792977468
Plpp6,,,-0.541212403,0.687193167
Plppr1,,,1.012367094,2.017218125
Plvap,,,-0.645760058,0.639155974
Pnma3,,,0.482065563,1.396742006
Ppm1j,,,-0.8780126220000001,0.54411646
Ppp1r17,,,-0.564619711,0.676133619
Ppp1r9b,,,-0.26108892300000003,0.834457847
Ppp4r4,,,-0.435564535,0.739404365
Ppp5c,,,-0.17893827399999998,0.883352845
Pqlc2,,,-0.362100176,0.778031151
Prkag2os2,,,-1.006605093,0.49771608100000003
Prkcg,,,-0.613308137,0.65369604
Prl2c3,,,-0.652078943,0.636362646
Proca1,,,-0.547391281,0.6842563009999999
Procr,,,-0.656243551,0.634528315
Prom2,,,-0.5449570260000001,0.685411819
Prss35,,,-0.518800177,0.6979520459999999
Ptbp2,,,0.18407139100000003,1.136085482
Pthlh,,,-0.609077365,0.655615849
Ptpdc1,,,0.192364218,1.142634676
Ptprr,,,-0.39702310399999996,0.759423683
Rab3d,,,-0.605274611,0.657346245
Rasal1,,,-0.737850549,0.599632071
Rasgrp1,,,-0.214230515,0.862005802
Rasl11b,,,-0.6307756720000001,0.645829089
Rbm11,,,0.420277565,1.338184988
Rcc2,,,-0.276679319,0.8254888770000001
Rdh11,,,-0.37957283399999997,0.76866515
Reep2,,,-0.416282941,0.749352823
Reep6,,,-0.865097876,0.54900916
Rflnb,,,-0.611052721,0.654718786
Rgl3,,,-0.25726409,0.8366730729999999
Rgs17,,,0.76536246,1.699796998
Rgs9,,,0.764730501,1.699052581
Rian,,,0.496179374,1.4104733180000002
Rims4,,,-0.379822237,0.76853228
Rin1,,,-0.588630651,0.664973774
Rnd3,,,0.33000553899999996,1.257018201
Rnf138,,,0.22603533899999997,1.169616314
Rnf19b,,,-0.755199015,0.592464651
Rnf2,,,0.265260066,1.2018526809999999
Rorc,,,-0.571134076,0.6730874790000001
RP23-361B11.3,,,-0.592943355,0.662988911
RP23-366E4.10,,,-0.419198195,0.747840135
Rprm,,,0.938041169,1.915925109
Rps6ka1,,,-0.24945339800000002,0.8412150709999999
Rps6ka6,,,0.390815979,1.3111347629999999
Rspo3,,,-0.36411227399999996,0.776946802
Rsrc1,,,0.24666026100000002,1.186457367
Rsrp1,,,0.40907059700000004,1.327830133
Rtbdn,,,0.532285273,1.446218236
Rtn4rl1,,,-0.278634204,0.824371078
Rwdd3,,,0.33315204,1.2597627340000002
S1pr1,,,-0.40851070700000003,0.7534007079999999
Samd1,,,-0.379598184,0.7686516440000001
Scd2,,,-0.22789933399999998,0.8538772929999999
Scd3,,,-0.536366184,0.6895054290000001
Sdc1,,,-0.636810644,0.643133149
Sdc2,,,0.24947903300000002,1.188777762
Sebox,,,-0.550970387,0.682560869
Sec14l1,,,-0.254362057,0.838357765
Sec61a1,,,-0.32596835,0.7977627409999999
Senp2,,,-0.162896394,0.893229996
Serinc2,,,-0.36162077,0.7782897329999999
Sesn2,,,-0.40132994899999996,0.7571599729999999
Sfmbt2,,,0.7155837829999999,1.642147574
Sfxn5,,,-0.365216282,0.776352479
Shc4,,,-0.37969060299999996,0.768602405
Shh,,,-0.351452875,0.783794375
Shisa8,,,-0.920722825,0.528244291
Shmt1,,,-0.59470396,0.66218032
Sirpa,,,-0.320491825,0.800796834
Skor2,,,-0.512034627,0.701232794
Slc15a2,,,0.885174925,1.846988553
Slc16a11,,,-0.643383589,0.640209687
Slc1a3,,,-0.426584794,0.7440209790000001
Slc25a22,,,-0.29078328,0.817458117
Slc25a27,,,0.241831548,1.182492922
Slc29a1,,,-0.364685586,0.776638113
Slc32a1,,,-0.266462335,0.831355634
Slc35c1,,,-0.37794939200000005,0.7695306040000001
Slc5a1,,,-0.635105759,0.643893611
Slc6a9,,,-0.304455173,0.8097479559999999
Slc9a3r1,,,-0.316863468,0.8028133609999999
Slco4a1,,,-0.34638536799999997,0.786552316
Slco4c1,,,0.654065554,1.573596391
Smarcd2,,,-0.306773446,0.808447813
Smim17,,,0.564640178,1.479018582
Snhg11,,,0.35259525399999997,1.2768554890000001
Sowaha,,,-0.349005104,0.785125341
Sowahb,,,-0.276347687,0.8256786540000001
Sox1,,,-0.391723341,0.762218568
Spag6,,,0.647140408,1.566060999
Sparcl1,,,-0.258145083,0.836162308
Spata2l,,,-0.40041377,0.757640958
Spem1,,,-0.691356717,0.61927121
Sphk1,,,-0.44376799200000006,0.735211892
Spsb1,,,-0.335836339,0.792324688
Sptbn2,,,-0.47003970799999995,0.721944727
Srsf11,,,0.267204836,1.203473885
Srsf12,,,0.410328994,1.3289888440000002
St3gal5,,,-0.26579485199999997,0.831740362
St8sia5,,,-0.38773416200000005,0.764329087
Stc2,,,-0.579241425,0.669315614
Stk3,,,0.23708961,1.178612612
Stk40,,,-0.24028045,0.846580727
Strn3,,,-0.306304529,0.808710625
Sybu,,,-0.248605043,0.84170988
Sycp1,,,-0.41218640100000004,0.751483639
Syndig1,,,-0.501403356,0.70641929
Syne4,,,-0.514293706,0.7001356120000001
Syt12,,,-0.368252596,0.7747202759999999
Syt16,,,0.864908247,1.8212238369999998
Syt7,,,-0.465846995,0.724045871
Tex261,,,-0.37550780799999994,0.770834042
Tfr2,,,0.446974954,1.3631789419999998
Them4,,,-0.335910142,0.792284157
Tlcd1,,,-0.485052647,0.714470997
Tm6sf1,,,-0.316586845,0.8029673079999999
Tmbim1,,,-0.319654964,0.801261485
Tmem109,,,-0.38031122,0.76827184
Tmem132a,,,-0.507849215,0.703270099
Tmem151b,,,-0.404817009,0.7553320929999999
Tmem200b,,,-0.941403682,0.520725989
Tmem240,,,-0.318994418,0.8016284309999999
Tmem266,,,-0.388612852,0.763863705
Tmem47,,,-0.27242246600000003,0.8279281829999999
Tmem62,,,-0.228713014,0.8533958420000001
Tollip,,,-0.174975968,0.8857822740000001
Tor4a,,,-0.561061068,0.677803472
Traf1,,,-0.604240433,0.657817625
Trib1,,,-0.6910084559999999,0.619420718
Trib2,,,-0.373187228,0.77207493
Trim62,,,-0.400112976,0.757798938
Trim7,,,0.43758544899999996,1.354335761
Trim8,,,-0.270056185,0.8292872490000001
Trim9,,,-0.613448674,0.653632365
Triobp,,,-0.569884544,0.6736706990000001
Triqk,,,0.413989059,1.332364721
Trmt13,,,0.281675085,1.2156054809999999
Tspan14,,,-0.345053454,0.7872788059999999
Tspan15,,,-0.325372953,0.7980920440000001
Tspan18,,,-0.842382002,0.557721966
Tspan9,,,-0.39130666399999997,0.7624387429999999
Tssk5,,,-0.934028146,0.52339493
Ttll11,,,-0.23072147399999998,0.8522086059999999
Ttll3,,,-0.791078472,0.577911918
Ttll5,,,-0.501298161,0.7064708009999999
Ttyh1,,,-0.259012986,0.835659437
Tubb2b,,,-0.450292281,0.731894556
Tyro3,,,-0.33327417800000003,0.7937330709999999
Ubash3b,,,-0.485317405,0.714339892
Ubtd1,,,-0.34695803799999997,0.78624016
Usp11,,,0.382127255,1.3032621009999998
Vmn2r2,,,0.558231803,1.47246343
Vps37b,,,-0.261113676,0.8344435290000001
Vps37c,,,-0.199942783,0.87058509
Vwa5b2,,,0.5901923729999999,1.505447475
Wars,,,-0.20184182399999998,0.8694398790000001
Wfs1,,,-0.279860619,0.823670589
Wif1,,,-0.548621599,0.683673022
Wnt3,,,-0.518239339,0.698223423
Wnt7a,,,-0.391343946,0.76241904
Wsb2,,,-0.35187042700000004,0.783567558
Wscd2,,,-0.506028643,0.704158133
Xaf1,,,0.453295059,1.369163805
Ybx2,,,-0.5065104770000001,0.703922996
Zbtb40,,,-0.302949814,0.810593317
Zbtb46,,,-0.37899645299999996,0.768972306
Zbtb7b,,,-0.357325202,0.780610513
Zc2hc1a,,,0.22069990899999997,1.165298782
Zc3h7a,,,0.18885620600000003,1.1398596570000001
Zdhhc14,,,-0.699506979,0.615782606
Zdhhc18,,,-0.246498305,0.842939909
Zfp184,,,0.510162631,1.4242107330000002
Zfp346,,,-0.22931829,0.853037878
Zfp385a,,,-0.2266893,0.854593767
Zfp385c,,,-0.720441103,0.606911851
Zfp467,,,-0.590926708,0.663916307
Zfp811,,,0.30489704100000004,1.235330474
Zfp92,,,0.854069438,1.807592452
Zfp945,,,0.332439458,1.259140661
Zfpm1,,,-0.526609656,0.694184157
Zic2,,,-0.24733841399999998,0.842449192
